segment_id,record_id,start_seconds,end_seconds,text,language,language_probability,avg_log_probability,no_speech_probability,compression_ratio,words_json,model
camera-001-asr-0001,camera-001,9.140,17.880,"Photographic technology has changed a lot in the last century. Digital photography became cheap and convenient because of the CCD, the charge coupled device inside this camera.",en,0.997070,-0.145312,0.086060,1.495370,"[{""start"":9.14,""end"":9.62,""word"":"" Photographic"",""probability"":0.967773},{""start"":9.62,""end"":10.1,""word"":"" technology"",""probability"":0.987305},{""start"":10.1,""end"":10.34,""word"":"" has"",""probability"":0.988281},{""start"":10.34,""end"":10.6,""word"":"" changed"",""probability"":0.99707},{""start"":10.6,""end"":10.8,""word"":"" a"",""probability"":0.988281},{""start"":10.8,""end"":11.02,""word"":"" lot"",""probability"":0.998535},{""start"":11.02,""end"":11.2,""word"":"" in"",""probability"":0.991211},{""start"":11.2,""end"":11.22,""word"":"" the"",""probability"":0.997559},{""start"":11.22,""end"":11.42,""word"":"" last"",""probability"":0.997559},{""start"":11.42,""end"":11.8,""word"":"" century."",""probability"":0.995605},{""start"":11.96,""end"":12.38,""word"":"" Digital"",""probability"":0.992676},{""start"":12.38,""end"":12.8,""word"":"" photography"",""probability"":0.961914},{""start"":12.8,""end"":13.1,""word"":"" became"",""probability"":0.984375},{""start"":13.1,""end"":13.62,""word"":"" cheap"",""probability"":0.995117},{""start"":13.62,""end"":13.86,""word"":"" and"",""probability"":0.997559},{""start"":13.86,""end"":14.18,""word"":"" convenient"",""probability"":0.993164},{""start"":14.18,""end"":14.52,""word"":"" because"",""probability"":0.984863},{""start"":14.52,""end"":14.6,""word"":"" of"",""probability"":0.808594},{""start"":14.6,""end"":14.68,""word"":"" the"",""probability"":0.973145},{""start"":14.68,""end"":15.22,""word"":"" CCD,"",""probability"":0.988281},{""start"":15.3,""end"":15.4,""word"":"" the"",""probability"":0.98291},{""start"":15.4,""end"":15.78,""word"":"" charge"",""probability"":0.626953},{""start"":15.78,""end"":16.08,""word"":"" coupled"",""probability"":0.590332},{""start"":16.08,""end"":16.48,""word"":"" device"",""probability"":0.993164},{""start"":16.48,""end"":17.16,""word"":"" inside"",""probability"":0.628906},{""start"":17.16,""end"":17.56,""word"":"" this"",""probability"":0.982422},{""start"":17.56,""end"":17.88,""word"":"" camera."",""probability"":0.999023}]",large-v3
camera-001-asr-0002,camera-001,18.340,27.780,"In the past, we'd just place a piece of film here behind the lens. But now we have a purely electronic imager to do all the work. Let me show you.",en,0.997070,-0.145312,0.086060,1.495370,"[{""start"":18.34,""end"":18.82,""word"":"" In"",""probability"":0.995117},{""start"":18.82,""end"":18.92,""word"":"" the"",""probability"":0.999512},{""start"":18.92,""end"":19.48,""word"":"" past,"",""probability"":0.999512},{""start"":19.62,""end"":21.3,""word"":"" we'd"",""probability"":0.80957},{""start"":21.3,""end"":21.44,""word"":"" just"",""probability"":0.983887},{""start"":21.44,""end"":21.74,""word"":"" place"",""probability"":0.981934},{""start"":21.74,""end"":21.9,""word"":"" a"",""probability"":0.992676},{""start"":21.9,""end"":22.02,""word"":"" piece"",""probability"":0.998047},{""start"":22.02,""end"":22.16,""word"":"" of"",""probability"":0.99707},{""start"":22.16,""end"":22.36,""word"":"" film"",""probability"":0.997559},{""start"":22.36,""end"":22.6,""word"":"" here"",""probability"":0.988281},{""start"":22.6,""end"":23.14,""word"":"" behind"",""probability"":0.767578},{""start"":23.14,""end"":23.4,""word"":"" the"",""probability"":0.99707},{""start"":23.4,""end"":23.64,""word"":"" lens."",""probability"":0.991211},{""start"":23.88,""end"":24.2,""word"":"" But"",""probability"":0.978516},{""start"":24.2,""end"":24.36,""word"":"" now"",""probability"":0.984863},{""start"":24.36,""end"":24.5,""word"":"" we"",""probability"":0.910156},{""start"":24.5,""end"":24.62,""word"":"" have"",""probability"":0.994629},{""start"":24.62,""end"":24.76,""word"":"" a"",""probability"":0.996094},{""start"":24.76,""end"":25.02,""word"":"" purely"",""probability"":0.999512},{""start"":25.02,""end"":25.54,""word"":"" electronic"",""probability"":0.994141},{""start"":25.54,""end"":26.1,""word"":"" imager"",""probability"":0.977051},{""start"":26.1,""end"":26.2,""word"":"" to"",""probability"":0.982422},{""start"":26.2,""end"":26.34,""word"":"" do"",""probability"":0.998535},{""start"":26.34,""end"":26.56,""word"":"" all"",""probability"":0.996582},{""start"":26.56,""end"":26.7,""word"":"" the"",""probability"":0.967285},{""start"":26.7,""end"":27.0,""word"":"" work."",""probability"":0.999512},{""start"":27.08,""end"":27.34,""word"":"" Let"",""probability"":0.987793},{""start"":27.34,""end"":27.44,""word"":"" me"",""probability"":0.999512},{""start"":27.44,""end"":27.62,""word"":"" show"",""probability"":0.999512},{""start"":27.62,""end"":27.78,""word"":"" you."",""probability"":0.995117}]",large-v3
camera-001-asr-0003,camera-001,31.800,38.040,"Here it is, just a shiny slab. Yet its details are fascinating. This CCD captures the image",en,0.997070,-0.130896,0.036194,1.656934,"[{""start"":31.8,""end"":32.32,""word"":"" Here"",""probability"":0.700684},{""start"":32.32,""end"":32.6,""word"":"" it"",""probability"":0.956543},{""start"":32.6,""end"":32.74,""word"":"" is,"",""probability"":0.995117},{""start"":32.84,""end"":33.08,""word"":"" just"",""probability"":0.982422},{""start"":33.08,""end"":33.2,""word"":"" a"",""probability"":0.995605},{""start"":33.2,""end"":33.5,""word"":"" shiny"",""probability"":0.983398},{""start"":33.5,""end"":33.82,""word"":"" slab."",""probability"":0.997559},{""start"":34.12,""end"":34.42,""word"":"" Yet"",""probability"":0.991699},{""start"":34.42,""end"":34.54,""word"":"" its"",""probability"":0.705566},{""start"":34.54,""end"":34.98,""word"":"" details"",""probability"":0.996582},{""start"":34.98,""end"":35.18,""word"":"" are"",""probability"":0.993652},{""start"":35.18,""end"":35.6,""word"":"" fascinating."",""probability"":0.997559},{""start"":36.02,""end"":36.44,""word"":"" This"",""probability"":0.98584},{""start"":36.44,""end"":37.1,""word"":"" CCD"",""probability"":0.97876},{""start"":37.1,""end"":37.52,""word"":"" captures"",""probability"":0.99707},{""start"":37.52,""end"":37.8,""word"":"" the"",""probability"":0.994629},{""start"":37.8,""end"":38.04,""word"":"" image"",""probability"":0.996582}]",large-v3
camera-001-asr-0004,camera-001,38.040,43.160,and then transfers it to the camera's memory system to record it as electronic data. When,en,0.997070,-0.130896,0.036194,1.656934,"[{""start"":38.04,""end"":38.26,""word"":"" and"",""probability"":0.86377},{""start"":38.26,""end"":38.38,""word"":"" then"",""probability"":0.950684},{""start"":38.38,""end"":38.84,""word"":"" transfers"",""probability"":0.996094},{""start"":38.84,""end"":39.1,""word"":"" it"",""probability"":0.989258},{""start"":39.1,""end"":39.22,""word"":"" to"",""probability"":0.985352},{""start"":39.22,""end"":39.28,""word"":"" the"",""probability"":0.987793},{""start"":39.28,""end"":39.76,""word"":"" camera's"",""probability"":0.971924},{""start"":39.76,""end"":39.98,""word"":"" memory"",""probability"":0.995117},{""start"":39.98,""end"":40.38,""word"":"" system"",""probability"":0.995605},{""start"":40.38,""end"":40.8,""word"":"" to"",""probability"":0.987305},{""start"":40.8,""end"":41.18,""word"":"" record"",""probability"":0.996094},{""start"":41.18,""end"":41.36,""word"":"" it"",""probability"":0.958008},{""start"":41.36,""end"":41.6,""word"":"" as"",""probability"":0.996094},{""start"":41.6,""end"":41.84,""word"":"" electronic"",""probability"":0.959961},{""start"":41.84,""end"":42.46,""word"":"" data."",""probability"":0.999512},{""start"":42.84,""end"":43.16,""word"":"" When"",""probability"":0.995605}]",large-v3
camera-001-asr-0005,camera-001,43.160,47.540,"exposed to light, different sections of the CCD build up charge proportional to the light's",en,0.997070,-0.130896,0.036194,1.656934,"[{""start"":43.16,""end"":43.4,""word"":"" exposed"",""probability"":0.996582},{""start"":43.4,""end"":43.62,""word"":"" to"",""probability"":0.997559},{""start"":43.62,""end"":43.76,""word"":"" light,"",""probability"":0.98877},{""start"":43.9,""end"":44.14,""word"":"" different"",""probability"":0.994141},{""start"":44.14,""end"":44.58,""word"":"" sections"",""probability"":0.99707},{""start"":44.58,""end"":44.82,""word"":"" of"",""probability"":0.994629},{""start"":44.82,""end"":44.86,""word"":"" the"",""probability"":0.775391},{""start"":44.86,""end"":45.4,""word"":"" CCD"",""probability"":0.998047},{""start"":45.4,""end"":45.72,""word"":"" build"",""probability"":0.989746},{""start"":45.72,""end"":45.86,""word"":"" up"",""probability"":0.958984},{""start"":45.86,""end"":46.18,""word"":"" charge"",""probability"":0.926758},{""start"":46.18,""end"":46.52,""word"":"" proportional"",""probability"":0.796387},{""start"":46.52,""end"":47.16,""word"":"" to"",""probability"":0.998535},{""start"":47.16,""end"":47.28,""word"":"" the"",""probability"":0.985352},{""start"":47.28,""end"":47.54,""word"":"" light's"",""probability"":0.972168}]",large-v3
camera-001-asr-0006,camera-001,47.540,51.700,intensity. We can then measure that charge and know precisely how bright that section,en,0.997070,-0.130896,0.036194,1.656934,"[{""start"":47.54,""end"":47.94,""word"":"" intensity."",""probability"":0.999023},{""start"":48.26,""end"":48.68,""word"":"" We"",""probability"":0.997559},{""start"":48.68,""end"":48.82,""word"":"" can"",""probability"":0.990723},{""start"":48.82,""end"":48.92,""word"":"" then"",""probability"":0.960938},{""start"":48.92,""end"":49.24,""word"":"" measure"",""probability"":0.998535},{""start"":49.24,""end"":49.36,""word"":"" that"",""probability"":0.972656},{""start"":49.36,""end"":49.68,""word"":"" charge"",""probability"":0.994629},{""start"":49.68,""end"":49.84,""word"":"" and"",""probability"":0.95166},{""start"":49.84,""end"":49.96,""word"":"" know"",""probability"":0.98877},{""start"":49.96,""end"":50.38,""word"":"" precisely"",""probability"":0.995605},{""start"":50.38,""end"":50.88,""word"":"" how"",""probability"":0.996094},{""start"":50.88,""end"":51.1,""word"":"" bright"",""probability"":0.967773},{""start"":51.1,""end"":51.36,""word"":"" that"",""probability"":0.986816},{""start"":51.36,""end"":51.7,""word"":"" section"",""probability"":0.997559}]",large-v3
camera-001-asr-0007,camera-001,51.700,56.440,"of the image should be. If you enlarge a picture on your computer, you can easily see the tiny",en,0.997070,-0.130896,0.036194,1.656934,"[{""start"":51.7,""end"":51.86,""word"":"" of"",""probability"":0.994141},{""start"":51.86,""end"":51.92,""word"":"" the"",""probability"":0.989258},{""start"":51.92,""end"":52.14,""word"":"" image"",""probability"":0.996582},{""start"":52.14,""end"":52.34,""word"":"" should"",""probability"":0.995605},{""start"":52.34,""end"":52.5,""word"":"" be."",""probability"":0.999512},{""start"":52.9,""end"":53.3,""word"":"" If"",""probability"":0.996094},{""start"":53.3,""end"":53.42,""word"":"" you"",""probability"":0.998535},{""start"":53.42,""end"":53.88,""word"":"" enlarge"",""probability"":0.998291},{""start"":53.88,""end"":53.98,""word"":"" a"",""probability"":0.977051},{""start"":53.98,""end"":54.22,""word"":"" picture"",""probability"":0.997559},{""start"":54.22,""end"":54.36,""word"":"" on"",""probability"":0.914551},{""start"":54.36,""end"":54.46,""word"":"" your"",""probability"":0.996094},{""start"":54.46,""end"":54.8,""word"":"" computer,"",""probability"":0.999512},{""start"":54.94,""end"":55.1,""word"":"" you"",""probability"":0.998535},{""start"":55.1,""end"":55.28,""word"":"" can"",""probability"":0.993164},{""start"":55.28,""end"":55.62,""word"":"" easily"",""probability"":0.996582},{""start"":55.62,""end"":55.98,""word"":"" see"",""probability"":0.998047},{""start"":55.98,""end"":56.12,""word"":"" the"",""probability"":0.986816},{""start"":56.12,""end"":56.44,""word"":"" tiny"",""probability"":0.997559}]",large-v3
camera-001-asr-0008,camera-001,56.440,60.720,picture elements called pixels. Each one corresponds to a single section of the,en,0.997070,-0.086857,0.045319,1.655914,"[{""start"":56.44,""end"":56.74,""word"":"" picture"",""probability"":0.395264},{""start"":56.74,""end"":57.16,""word"":"" elements"",""probability"":0.994629},{""start"":57.16,""end"":57.46,""word"":"" called"",""probability"":0.98584},{""start"":57.46,""end"":57.9,""word"":"" pixels."",""probability"":0.949219},{""start"":58.2,""end"":58.7,""word"":"" Each"",""probability"":0.989746},{""start"":58.7,""end"":58.9,""word"":"" one"",""probability"":0.996582},{""start"":58.9,""end"":59.22,""word"":"" corresponds"",""probability"":0.99707},{""start"":59.22,""end"":59.58,""word"":"" to"",""probability"":0.999512},{""start"":59.58,""end"":59.68,""word"":"" a"",""probability"":0.998535},{""start"":59.68,""end"":60.0,""word"":"" single"",""probability"":0.999512},{""start"":60.0,""end"":60.42,""word"":"" section"",""probability"":0.998047},{""start"":60.42,""end"":60.66,""word"":"" of"",""probability"":0.992188},{""start"":60.66,""end"":60.72,""word"":"" the"",""probability"":0.992676}]",large-v3
camera-001-asr-0009,camera-001,60.720,65.320,CCD. This is the essence of the digital camera. Several million of these sections,en,0.997070,-0.086857,0.045319,1.655914,"[{""start"":60.72,""end"":61.22,""word"":"" CCD."",""probability"":0.991455},{""start"":61.38,""end"":61.94,""word"":"" This"",""probability"":0.995117},{""start"":61.94,""end"":62.08,""word"":"" is"",""probability"":0.999512},{""start"":62.08,""end"":62.18,""word"":"" the"",""probability"":0.999512},{""start"":62.18,""end"":62.56,""word"":"" essence"",""probability"":0.996582},{""start"":62.56,""end"":62.76,""word"":"" of"",""probability"":0.996582},{""start"":62.76,""end"":62.84,""word"":"" the"",""probability"":0.95459},{""start"":62.84,""end"":63.06,""word"":"" digital"",""probability"":0.996094},{""start"":63.06,""end"":63.42,""word"":"" camera."",""probability"":0.999023},{""start"":63.66,""end"":64.2,""word"":"" Several"",""probability"":0.988281},{""start"":64.2,""end"":64.7,""word"":"" million"",""probability"":0.920898},{""start"":64.7,""end"":64.9,""word"":"" of"",""probability"":0.997559},{""start"":64.9,""end"":65.0,""word"":"" these"",""probability"":0.98877},{""start"":65.0,""end"":65.32,""word"":"" sections"",""probability"":0.997559}]",large-v3
camera-001-asr-0010,camera-001,65.320,70.040,of photosensitive silicon in a grid capturing an image. Now the key to,en,0.997070,-0.086857,0.045319,1.655914,"[{""start"":65.32,""end"":65.58,""word"":"" of"",""probability"":0.840332},{""start"":65.58,""end"":66.3,""word"":"" photosensitive"",""probability"":0.911865},{""start"":66.3,""end"":66.68,""word"":"" silicon"",""probability"":0.959473},{""start"":66.68,""end"":67.14,""word"":"" in"",""probability"":0.975098},{""start"":67.14,""end"":67.24,""word"":"" a"",""probability"":0.994629},{""start"":67.24,""end"":67.5,""word"":"" grid"",""probability"":0.999023},{""start"":67.5,""end"":68.06,""word"":"" capturing"",""probability"":0.968262},{""start"":68.06,""end"":68.22,""word"":"" an"",""probability"":0.994141},{""start"":68.22,""end"":68.44,""word"":"" image."",""probability"":0.999512},{""start"":68.7,""end"":69.16,""word"":"" Now"",""probability"":0.985352},{""start"":69.16,""end"":69.52,""word"":"" the"",""probability"":0.458252},{""start"":69.52,""end"":69.88,""word"":"" key"",""probability"":0.999512},{""start"":69.88,""end"":70.04,""word"":"" to"",""probability"":0.999023}]",large-v3
camera-001-asr-0011,camera-001,70.040,74.040,understanding how digital photography became cheap and ubiquitous lies in the,en,0.997070,-0.086857,0.045319,1.655914,"[{""start"":70.04,""end"":70.56,""word"":"" understanding"",""probability"":0.994141},{""start"":70.56,""end"":70.78,""word"":"" how"",""probability"":0.99707},{""start"":70.78,""end"":71.06,""word"":"" digital"",""probability"":0.996582},{""start"":71.06,""end"":71.56,""word"":"" photography"",""probability"":0.998535},{""start"":71.56,""end"":71.82,""word"":"" became"",""probability"":0.994629},{""start"":71.82,""end"":72.28,""word"":"" cheap"",""probability"":0.998047},{""start"":72.28,""end"":72.52,""word"":"" and"",""probability"":0.99707},{""start"":72.52,""end"":73.06,""word"":"" ubiquitous"",""probability"":0.999512},{""start"":73.06,""end"":73.58,""word"":"" lies"",""probability"":0.976562},{""start"":73.58,""end"":73.92,""word"":"" in"",""probability"":0.999023},{""start"":73.92,""end"":74.04,""word"":"" the"",""probability"":0.998535}]",large-v3
camera-001-asr-0012,camera-001,74.040,79.020,ingenious way that the CCD transfers the image into the camera's memory. The,en,0.997070,-0.086857,0.045319,1.655914,"[{""start"":74.04,""end"":74.58,""word"":"" ingenious"",""probability"":0.996094},{""start"":74.58,""end"":74.8,""word"":"" way"",""probability"":0.997559},{""start"":74.8,""end"":75.1,""word"":"" that"",""probability"":0.991211},{""start"":75.1,""end"":75.2,""word"":"" the"",""probability"":0.997559},{""start"":75.2,""end"":75.88,""word"":"" CCD"",""probability"":0.996338},{""start"":75.88,""end"":76.28,""word"":"" transfers"",""probability"":0.998047},{""start"":76.28,""end"":76.68,""word"":"" the"",""probability"":0.999023},{""start"":76.68,""end"":76.96,""word"":"" image"",""probability"":0.998535},{""start"":76.96,""end"":77.42,""word"":"" into"",""probability"":0.996094},{""start"":77.42,""end"":77.58,""word"":"" the"",""probability"":0.996582},{""start"":77.58,""end"":78.02,""word"":"" camera's"",""probability"":0.844727},{""start"":78.02,""end"":78.24,""word"":"" memory."",""probability"":0.998535},{""start"":78.5,""end"":79.02,""word"":"" The"",""probability"":0.994629}]",large-v3
camera-001-asr-0013,camera-001,79.020,82.580,easiest and most straightforward way would be to use wires to connect each,en,0.997070,-0.086857,0.045319,1.655914,"[{""start"":79.02,""end"":79.48,""word"":"" easiest"",""probability"":0.999512},{""start"":79.48,""end"":79.72,""word"":"" and"",""probability"":0.979492},{""start"":79.72,""end"":79.88,""word"":"" most"",""probability"":0.991211},{""start"":79.88,""end"":80.2,""word"":"" straightforward"",""probability"":0.96875},{""start"":80.2,""end"":80.74,""word"":"" way"",""probability"":0.999023},{""start"":80.74,""end"":81.2,""word"":"" would"",""probability"":0.989746},{""start"":81.2,""end"":81.32,""word"":"" be"",""probability"":0.999512},{""start"":81.32,""end"":81.4,""word"":"" to"",""probability"":0.99707},{""start"":81.4,""end"":81.52,""word"":"" use"",""probability"":0.999023},{""start"":81.52,""end"":81.84,""word"":"" wires"",""probability"":0.999023},{""start"":81.84,""end"":82.06,""word"":"" to"",""probability"":0.999512},{""start"":82.06,""end"":82.28,""word"":"" connect"",""probability"":0.999023},{""start"":82.28,""end"":82.58,""word"":"" each"",""probability"":0.999023}]",large-v3
camera-001-asr-0014,camera-001,82.580,87.300,pixel in an XY grid. But that presents a problem. Here's what goes wrong. After,en,0.997070,-0.089596,0.021606,1.759740,"[{""start"":82.58,""end"":82.92,""word"":"" pixel"",""probability"":0.844727},{""start"":82.92,""end"":83.28,""word"":"" in"",""probability"":0.98584},{""start"":83.28,""end"":83.38,""word"":"" an"",""probability"":0.943848},{""start"":83.38,""end"":83.62,""word"":"" XY"",""probability"":0.675781},{""start"":83.62,""end"":83.9,""word"":"" grid."",""probability"":0.969238},{""start"":84.14,""end"":84.58,""word"":"" But"",""probability"":0.991699},{""start"":84.58,""end"":84.72,""word"":"" that"",""probability"":0.976562},{""start"":84.72,""end"":84.94,""word"":"" presents"",""probability"":0.996582},{""start"":84.94,""end"":85.08,""word"":"" a"",""probability"":0.992188},{""start"":85.08,""end"":85.34,""word"":"" problem."",""probability"":0.999023},{""start"":85.6,""end"":86.12,""word"":"" Here's"",""probability"":0.97998},{""start"":86.12,""end"":86.24,""word"":"" what"",""probability"":0.996582},{""start"":86.24,""end"":86.38,""word"":"" goes"",""probability"":0.996094},{""start"":86.38,""end"":86.64,""word"":"" wrong."",""probability"":0.999512},{""start"":86.86,""end"":87.3,""word"":"" After"",""probability"":0.99707}]",large-v3
camera-001-asr-0015,camera-001,87.300,90.900,"exposing the grid to light, we can use these wires to read the information",en,0.997070,-0.089596,0.021606,1.759740,"[{""start"":87.3,""end"":87.78,""word"":"" exposing"",""probability"":0.999023},{""start"":87.78,""end"":88.06,""word"":"" the"",""probability"":0.997559},{""start"":88.06,""end"":88.22,""word"":"" grid"",""probability"":0.991699},{""start"":88.22,""end"":88.34,""word"":"" to"",""probability"":0.982422},{""start"":88.34,""end"":88.5,""word"":"" light,"",""probability"":0.993164},{""start"":88.64,""end"":88.82,""word"":"" we"",""probability"":0.99707},{""start"":88.82,""end"":88.98,""word"":"" can"",""probability"":0.994629},{""start"":88.98,""end"":89.28,""word"":"" use"",""probability"":0.998047},{""start"":89.28,""end"":89.48,""word"":"" these"",""probability"":0.991699},{""start"":89.48,""end"":89.78,""word"":"" wires"",""probability"":0.998047},{""start"":89.78,""end"":89.98,""word"":"" to"",""probability"":0.998535},{""start"":89.98,""end"":90.28,""word"":"" read"",""probability"":0.994141},{""start"":90.28,""end"":90.42,""word"":"" the"",""probability"":0.984375},{""start"":90.42,""end"":90.9,""word"":"" information"",""probability"":0.999023}]",large-v3
camera-001-asr-0016,camera-001,90.900,95.360,"pixel by pixel, measuring the charge on each section of the grid. This makes",en,0.997070,-0.089596,0.021606,1.759740,"[{""start"":90.9,""end"":91.48,""word"":"" pixel"",""probability"":0.896484},{""start"":91.48,""end"":91.74,""word"":"" by"",""probability"":0.870605},{""start"":91.74,""end"":92.08,""word"":"" pixel,"",""probability"":1.0},{""start"":92.24,""end"":92.74,""word"":"" measuring"",""probability"":0.998535},{""start"":92.74,""end"":92.96,""word"":"" the"",""probability"":0.998535},{""start"":92.96,""end"":93.3,""word"":"" charge"",""probability"":0.997559},{""start"":93.3,""end"":93.46,""word"":"" on"",""probability"":0.862305},{""start"":93.46,""end"":93.66,""word"":"" each"",""probability"":0.999023},{""start"":93.66,""end"":94.02,""word"":"" section"",""probability"":0.998047},{""start"":94.02,""end"":94.26,""word"":"" of"",""probability"":0.995605},{""start"":94.26,""end"":94.28,""word"":"" the"",""probability"":0.997559},{""start"":94.28,""end"":94.48,""word"":"" grid."",""probability"":0.999512},{""start"":94.74,""end"":95.18,""word"":"" This"",""probability"":0.99707},{""start"":95.18,""end"":95.36,""word"":"" makes"",""probability"":0.994629}]",large-v3
camera-001-asr-0017,camera-001,95.360,98.880,"sense in principle, except all of the pixels and their electronic components",en,0.997070,-0.089596,0.021606,1.759740,"[{""start"":95.36,""end"":95.56,""word"":"" sense"",""probability"":0.998535},{""start"":95.56,""end"":95.68,""word"":"" in"",""probability"":0.981445},{""start"":95.68,""end"":96.02,""word"":"" principle,"",""probability"":0.979004},{""start"":96.18,""end"":96.56,""word"":"" except"",""probability"":0.998535},{""start"":96.56,""end"":96.92,""word"":"" all"",""probability"":0.961426},{""start"":96.92,""end"":97.12,""word"":"" of"",""probability"":0.916992},{""start"":97.12,""end"":97.2,""word"":"" the"",""probability"":0.998535},{""start"":97.2,""end"":97.56,""word"":"" pixels"",""probability"":0.996094},{""start"":97.56,""end"":97.76,""word"":"" and"",""probability"":0.84668},{""start"":97.76,""end"":97.9,""word"":"" their"",""probability"":0.995117},{""start"":97.9,""end"":98.28,""word"":"" electronic"",""probability"":0.995117},{""start"":98.28,""end"":98.88,""word"":"" components"",""probability"":0.99707}]",large-v3
camera-001-asr-0018,camera-001,98.880,103.320,leak a small bit of charge that distorts the charge coming from each pixel and,en,0.997070,-0.089596,0.021606,1.759740,"[{""start"":98.88,""end"":99.16,""word"":"" leak"",""probability"":0.99707},{""start"":99.16,""end"":99.3,""word"":"" a"",""probability"":0.997559},{""start"":99.3,""end"":99.66,""word"":"" small"",""probability"":0.99707},{""start"":99.66,""end"":99.94,""word"":"" bit"",""probability"":0.997559},{""start"":99.94,""end"":100.04,""word"":"" of"",""probability"":0.999023},{""start"":100.04,""end"":100.38,""word"":"" charge"",""probability"":0.992188},{""start"":100.38,""end"":100.76,""word"":"" that"",""probability"":0.979492},{""start"":100.76,""end"":101.26,""word"":"" distorts"",""probability"":0.997314},{""start"":101.26,""end"":101.42,""word"":"" the"",""probability"":0.998535},{""start"":101.42,""end"":101.74,""word"":"" charge"",""probability"":0.995605},{""start"":101.74,""end"":102.1,""word"":"" coming"",""probability"":0.994629},{""start"":102.1,""end"":102.42,""word"":"" from"",""probability"":0.997559},{""start"":102.42,""end"":102.6,""word"":"" each"",""probability"":0.997559},{""start"":102.6,""end"":102.96,""word"":"" pixel"",""probability"":0.999512},{""start"":102.96,""end"":103.32,""word"":"" and"",""probability"":0.759766}]",large-v3
camera-001-asr-0019,camera-001,103.320,107.460,"leads to striations and patterns in the image. This distortion, called capacitive",en,0.997070,-0.089596,0.021606,1.759740,"[{""start"":103.32,""end"":103.56,""word"":"" leads"",""probability"":0.984863},{""start"":103.56,""end"":103.7,""word"":"" to"",""probability"":0.988281},{""start"":103.7,""end"":104.26,""word"":"" striations"",""probability"":0.998291},{""start"":104.26,""end"":104.48,""word"":"" and"",""probability"":0.994629},{""start"":104.48,""end"":104.84,""word"":"" patterns"",""probability"":0.997559},{""start"":104.84,""end"":105.1,""word"":"" in"",""probability"":0.990723},{""start"":105.1,""end"":105.16,""word"":"" the"",""probability"":0.998535},{""start"":105.16,""end"":105.46,""word"":"" image."",""probability"":0.998047},{""start"":105.68,""end"":106.16,""word"":"" This"",""probability"":0.996094},{""start"":106.16,""end"":106.5,""word"":"" distortion,"",""probability"":0.994629},{""start"":106.7,""end"":106.9,""word"":"" called"",""probability"":0.998535},{""start"":106.9,""end"":107.46,""word"":"" capacitive"",""probability"":0.951172}]",large-v3
camera-001-asr-0020,camera-001,107.460,112.060,"coupling, increases as the number of pixels increases. A CCD solves this",en,0.997070,-0.089596,0.021606,1.759740,"[{""start"":107.46,""end"":107.74,""word"":"" coupling,"",""probability"":0.99707},{""start"":107.9,""end"":108.46,""word"":"" increases"",""probability"":0.998047},{""start"":108.46,""end"":108.84,""word"":"" as"",""probability"":0.998047},{""start"":108.84,""end"":108.94,""word"":"" the"",""probability"":0.999512},{""start"":108.94,""end"":109.22,""word"":"" number"",""probability"":0.99707},{""start"":109.22,""end"":109.44,""word"":"" of"",""probability"":0.99707},{""start"":109.44,""end"":109.72,""word"":"" pixels"",""probability"":0.99707},{""start"":109.72,""end"":110.06,""word"":"" increases."",""probability"":0.995605},{""start"":110.5,""end"":111.02,""word"":"" A"",""probability"":0.993164},{""start"":111.02,""end"":111.5,""word"":"" CCD"",""probability"":0.993408},{""start"":111.5,""end"":111.76,""word"":"" solves"",""probability"":0.98291},{""start"":111.76,""end"":112.06,""word"":"" this"",""probability"":0.997559}]",large-v3
camera-001-asr-0021,camera-001,112.060,118.020,problem in a very simple way. The pixels have no wires attached to them. A CCD is made from,en,0.997070,-0.077599,0.010490,1.734848,"[{""start"":112.06,""end"":112.3,""word"":"" problem"",""probability"":0.681641},{""start"":112.3,""end"":112.58,""word"":"" in"",""probability"":0.987305},{""start"":112.58,""end"":112.66,""word"":"" a"",""probability"":0.993652},{""start"":112.66,""end"":112.9,""word"":"" very"",""probability"":0.97998},{""start"":112.9,""end"":113.2,""word"":"" simple"",""probability"":0.999023},{""start"":113.2,""end"":113.48,""word"":"" way."",""probability"":0.999512},{""start"":113.84,""end"":114.08,""word"":"" The"",""probability"":0.989258},{""start"":114.08,""end"":114.42,""word"":"" pixels"",""probability"":0.976074},{""start"":114.42,""end"":114.64,""word"":"" have"",""probability"":0.997559},{""start"":114.64,""end"":114.96,""word"":"" no"",""probability"":0.974609},{""start"":114.96,""end"":115.52,""word"":"" wires"",""probability"":0.996582},{""start"":115.52,""end"":115.82,""word"":"" attached"",""probability"":0.996582},{""start"":115.82,""end"":116.18,""word"":"" to"",""probability"":0.991211},{""start"":116.18,""end"":116.32,""word"":"" them."",""probability"":0.999023},{""start"":116.52,""end"":116.9,""word"":"" A"",""probability"":0.952148},{""start"":116.9,""end"":117.48,""word"":"" CCD"",""probability"":0.97583},{""start"":117.48,""end"":117.66,""word"":"" is"",""probability"":0.994629},{""start"":117.66,""end"":117.86,""word"":"" made"",""probability"":0.998047},{""start"":117.86,""end"":118.02,""word"":"" from"",""probability"":0.985352}]",large-v3
camera-001-asr-0022,camera-001,118.020,123.280,"a slab of silicon. To make each pixel within the slab, engineers create insulating sections",en,0.997070,-0.077599,0.010490,1.734848,"[{""start"":118.02,""end"":118.14,""word"":"" a"",""probability"":0.977051},{""start"":118.14,""end"":118.42,""word"":"" slab"",""probability"":0.998535},{""start"":118.42,""end"":118.58,""word"":"" of"",""probability"":0.999023},{""start"":118.58,""end"":118.8,""word"":"" silicon."",""probability"":0.915527},{""start"":119.22,""end"":119.54,""word"":"" To"",""probability"":0.997559},{""start"":119.54,""end"":119.7,""word"":"" make"",""probability"":0.998047},{""start"":119.7,""end"":119.98,""word"":"" each"",""probability"":0.997559},{""start"":119.98,""end"":120.46,""word"":"" pixel"",""probability"":0.996582},{""start"":120.46,""end"":120.72,""word"":"" within"",""probability"":0.958008},{""start"":120.72,""end"":120.9,""word"":"" the"",""probability"":0.968262},{""start"":120.9,""end"":121.16,""word"":"" slab,"",""probability"":0.999023},{""start"":121.34,""end"":121.84,""word"":"" engineers"",""probability"":0.98877},{""start"":121.84,""end"":122.28,""word"":"" create"",""probability"":0.993164},{""start"":122.28,""end"":122.94,""word"":"" insulating"",""probability"":0.993408},{""start"":122.94,""end"":123.28,""word"":"" sections"",""probability"":0.99707}]",large-v3
camera-001-asr-0023,camera-001,123.280,128.120,called channel stops. These divide the slab into rows. The surface is covered with a thin,en,0.997070,-0.077599,0.010490,1.734848,"[{""start"":123.28,""end"":123.64,""word"":"" called"",""probability"":0.906738},{""start"":123.64,""end"":124.0,""word"":"" channel"",""probability"":0.85791},{""start"":124.0,""end"":124.24,""word"":"" stops."",""probability"":0.98291},{""start"":124.54,""end"":124.76,""word"":"" These"",""probability"":0.859375},{""start"":124.76,""end"":125.08,""word"":"" divide"",""probability"":0.992188},{""start"":125.08,""end"":125.36,""word"":"" the"",""probability"":0.995117},{""start"":125.36,""end"":125.64,""word"":"" slab"",""probability"":0.993652},{""start"":125.64,""end"":125.88,""word"":"" into"",""probability"":0.990723},{""start"":125.88,""end"":126.14,""word"":"" rows."",""probability"":0.992188},{""start"":126.46,""end"":126.86,""word"":"" The"",""probability"":0.98877},{""start"":126.86,""end"":127.18,""word"":"" surface"",""probability"":0.998535},{""start"":127.18,""end"":127.36,""word"":"" is"",""probability"":0.998535},{""start"":127.36,""end"":127.56,""word"":"" covered"",""probability"":0.999023},{""start"":127.56,""end"":127.72,""word"":"" with"",""probability"":0.992188},{""start"":127.72,""end"":127.84,""word"":"" a"",""probability"":0.990234},{""start"":127.84,""end"":128.12,""word"":"" thin"",""probability"":0.99707}]",large-v3
camera-001-asr-0024,camera-001,128.120,132.660,"layer of insulating silicon dioxide, and then perpendicular to the channel stops, engineers",en,0.997070,-0.077599,0.010490,1.734848,"[{""start"":128.12,""end"":128.38,""word"":"" layer"",""probability"":0.999023},{""start"":128.38,""end"":128.56,""word"":"" of"",""probability"":0.998047},{""start"":128.56,""end"":128.98,""word"":"" insulating"",""probability"":0.991455},{""start"":128.98,""end"":129.26,""word"":"" silicon"",""probability"":0.984375},{""start"":129.26,""end"":129.6,""word"":"" dioxide,"",""probability"":0.996094},{""start"":129.98,""end"":130.38,""word"":"" and"",""probability"":0.989746},{""start"":130.38,""end"":130.46,""word"":"" then"",""probability"":0.944336},{""start"":130.46,""end"":130.92,""word"":"" perpendicular"",""probability"":0.97168},{""start"":130.92,""end"":131.4,""word"":"" to"",""probability"":0.998047},{""start"":131.4,""end"":131.46,""word"":"" the"",""probability"":0.984375},{""start"":131.46,""end"":131.7,""word"":"" channel"",""probability"":0.99707},{""start"":131.7,""end"":131.98,""word"":"" stops,"",""probability"":0.99707},{""start"":132.18,""end"":132.66,""word"":"" engineers"",""probability"":0.992676}]",large-v3
camera-001-asr-0025,camera-001,132.660,138.420,"deposit thin strips of metal, typically aluminum. Each pixel then is one section, bounded by",en,0.997070,-0.077599,0.010490,1.734848,"[{""start"":132.66,""end"":133.1,""word"":"" deposit"",""probability"":0.99707},{""start"":133.1,""end"":133.6,""word"":"" thin"",""probability"":0.996582},{""start"":133.6,""end"":134.0,""word"":"" strips"",""probability"":0.992676},{""start"":134.0,""end"":134.3,""word"":"" of"",""probability"":0.998535},{""start"":134.3,""end"":134.54,""word"":"" metal,"",""probability"":0.999023},{""start"":134.66,""end"":134.92,""word"":"" typically"",""probability"":0.99707},{""start"":134.92,""end"":135.28,""word"":"" aluminum."",""probability"":0.98584},{""start"":135.72,""end"":136.28,""word"":"" Each"",""probability"":0.998047},{""start"":136.28,""end"":136.68,""word"":"" pixel"",""probability"":0.999023},{""start"":136.68,""end"":136.86,""word"":"" then"",""probability"":0.697266},{""start"":136.86,""end"":137.12,""word"":"" is"",""probability"":0.940918},{""start"":137.12,""end"":137.38,""word"":"" one"",""probability"":0.986328},{""start"":137.38,""end"":137.82,""word"":"" section,"",""probability"":0.998047},{""start"":137.96,""end"":138.22,""word"":"" bounded"",""probability"":0.912109},{""start"":138.22,""end"":138.42,""word"":"" by"",""probability"":0.998535}]",large-v3
camera-001-asr-0026,camera-001,138.420,139.480,channel stops in aluminum.,en,0.997070,-0.087017,0.005466,1.771044,"[{""start"":138.42,""end"":138.64,""word"":"" channel"",""probability"":0.586426},{""start"":138.64,""end"":138.94,""word"":"" stops"",""probability"":0.995605},{""start"":138.94,""end"":139.26,""word"":"" in"",""probability"":0.874512},{""start"":139.26,""end"":139.48,""word"":"" aluminum."",""probability"":0.954102}]",large-v3
camera-001-asr-0027,camera-001,140.060,141.960,So now we have our grid of pixels.,en,0.997070,-0.087017,0.005466,1.771044,"[{""start"":140.06,""end"":140.36,""word"":"" So"",""probability"":0.9375},{""start"":140.36,""end"":140.78,""word"":"" now"",""probability"":0.802734},{""start"":140.78,""end"":140.98,""word"":"" we"",""probability"":0.964355},{""start"":140.98,""end"":141.2,""word"":"" have"",""probability"":0.994629},{""start"":141.2,""end"":141.34,""word"":"" our"",""probability"":0.958984},{""start"":141.34,""end"":141.58,""word"":"" grid"",""probability"":0.991699},{""start"":141.58,""end"":141.68,""word"":"" of"",""probability"":0.997559},{""start"":141.68,""end"":141.96,""word"":"" pixels."",""probability"":0.990723}]",large-v3
camera-001-asr-0028,camera-001,142.560,147.460,"Recall that when light strikes the whole array, the silicon pixels build up charge proportional",en,0.997070,-0.087017,0.005466,1.771044,"[{""start"":142.56,""end"":143.12,""word"":"" Recall"",""probability"":0.996094},{""start"":143.12,""end"":143.3,""word"":"" that"",""probability"":0.967285},{""start"":143.3,""end"":143.46,""word"":"" when"",""probability"":0.986816},{""start"":143.46,""end"":143.76,""word"":"" light"",""probability"":0.959473},{""start"":143.76,""end"":144.16,""word"":"" strikes"",""probability"":0.996582},{""start"":144.16,""end"":144.42,""word"":"" the"",""probability"":0.984375},{""start"":144.42,""end"":144.56,""word"":"" whole"",""probability"":0.964844},{""start"":144.56,""end"":144.88,""word"":"" array,"",""probability"":0.99707},{""start"":145.08,""end"":145.4,""word"":"" the"",""probability"":0.989746},{""start"":145.4,""end"":145.72,""word"":"" silicon"",""probability"":0.979492},{""start"":145.72,""end"":146.24,""word"":"" pixels"",""probability"":0.976074},{""start"":146.24,""end"":146.66,""word"":"" build"",""probability"":0.98291},{""start"":146.66,""end"":146.84,""word"":"" up"",""probability"":0.891602},{""start"":146.84,""end"":147.12,""word"":"" charge"",""probability"":0.969238},{""start"":147.12,""end"":147.46,""word"":"" proportional"",""probability"":0.969238}]",large-v3
camera-001-asr-0029,camera-001,147.460,149.440,to the intensity of the light striking them.,en,0.997070,-0.087017,0.005466,1.771044,"[{""start"":147.46,""end"":147.98,""word"":"" to"",""probability"":0.997559},{""start"":147.98,""end"":148.08,""word"":"" the"",""probability"":0.995117},{""start"":148.08,""end"":148.48,""word"":"" intensity"",""probability"":0.998047},{""start"":148.48,""end"":148.72,""word"":"" of"",""probability"":0.993164},{""start"":148.72,""end"":148.74,""word"":"" the"",""probability"":0.884277},{""start"":148.74,""end"":148.9,""word"":"" light"",""probability"":0.995117},{""start"":148.9,""end"":149.26,""word"":"" striking"",""probability"":0.998535},{""start"":149.26,""end"":149.44,""word"":"" them."",""probability"":0.991211}]",large-v3
camera-001-asr-0030,camera-001,149.700,153.320,We then have a captured image stored as charge within each pixel.,en,0.997070,-0.087017,0.005466,1.771044,"[{""start"":149.7,""end"":150.08,""word"":"" We"",""probability"":0.994629},{""start"":150.08,""end"":150.28,""word"":"" then"",""probability"":0.988281},{""start"":150.28,""end"":150.48,""word"":"" have"",""probability"":0.996094},{""start"":150.48,""end"":150.58,""word"":"" a"",""probability"":0.976562},{""start"":150.58,""end"":150.96,""word"":"" captured"",""probability"":0.990723},{""start"":150.96,""end"":151.24,""word"":"" image"",""probability"":0.994141},{""start"":151.24,""end"":151.74,""word"":"" stored"",""probability"":0.89209},{""start"":151.74,""end"":151.96,""word"":"" as"",""probability"":0.994141},{""start"":151.96,""end"":152.28,""word"":"" charge"",""probability"":0.887695},{""start"":152.28,""end"":152.52,""word"":"" within"",""probability"":0.989746},{""start"":152.52,""end"":152.9,""word"":"" each"",""probability"":0.994141},{""start"":152.9,""end"":153.32,""word"":"" pixel."",""probability"":0.999023}]",large-v3
camera-001-asr-0031,camera-001,153.600,158.520,The great innovation of the CCD was how it moved the image from the silicon array to,en,0.997070,-0.087017,0.005466,1.771044,"[{""start"":153.6,""end"":154.08,""word"":"" The"",""probability"":0.991211},{""start"":154.08,""end"":154.38,""word"":"" great"",""probability"":0.994141},{""start"":154.38,""end"":154.92,""word"":"" innovation"",""probability"":0.99707},{""start"":154.92,""end"":155.2,""word"":"" of"",""probability"":0.990234},{""start"":155.2,""end"":155.24,""word"":"" the"",""probability"":0.983887},{""start"":155.24,""end"":155.7,""word"":"" CCD"",""probability"":0.992676},{""start"":155.7,""end"":155.92,""word"":"" was"",""probability"":0.991699},{""start"":155.92,""end"":156.18,""word"":"" how"",""probability"":0.996582},{""start"":156.18,""end"":156.32,""word"":"" it"",""probability"":0.994629},{""start"":156.32,""end"":156.56,""word"":"" moved"",""probability"":0.992676},{""start"":156.56,""end"":156.68,""word"":"" the"",""probability"":0.989258},{""start"":156.68,""end"":156.94,""word"":"" image"",""probability"":0.98291},{""start"":156.94,""end"":157.32,""word"":"" from"",""probability"":0.98877},{""start"":157.32,""end"":157.48,""word"":"" the"",""probability"":0.992676},{""start"":157.48,""end"":157.68,""word"":"" silicon"",""probability"":0.980469},{""start"":157.68,""end"":158.0,""word"":"" array"",""probability"":0.995605},{""start"":158.0,""end"":158.52,""word"":"" to"",""probability"":0.984375}]",large-v3
camera-001-asr-0032,camera-001,158.520,162.100,the camera's memory system without using external wires that would distort the image.,en,0.997070,-0.087017,0.005466,1.771044,"[{""start"":158.52,""end"":158.64,""word"":"" the"",""probability"":0.994141},{""start"":158.64,""end"":159.12,""word"":"" camera's"",""probability"":0.96875},{""start"":159.12,""end"":159.32,""word"":"" memory"",""probability"":0.996582},{""start"":159.32,""end"":159.64,""word"":"" system"",""probability"":0.996582},{""start"":159.64,""end"":159.94,""word"":"" without"",""probability"":0.973633},{""start"":159.94,""end"":160.16,""word"":"" using"",""probability"":0.996094},{""start"":160.16,""end"":160.54,""word"":"" external"",""probability"":0.966797},{""start"":160.54,""end"":160.98,""word"":"" wires"",""probability"":0.995605},{""start"":160.98,""end"":161.22,""word"":"" that"",""probability"":0.983398},{""start"":161.22,""end"":161.32,""word"":"" would"",""probability"":0.988281},{""start"":161.32,""end"":161.58,""word"":"" distort"",""probability"":0.998047},{""start"":161.58,""end"":161.82,""word"":"" the"",""probability"":0.994629},{""start"":161.82,""end"":162.1,""word"":"" image."",""probability"":0.995117}]",large-v3
camera-001-asr-0033,camera-001,162.400,167.600,"The CCD shifts the charges from row to row, without wires, until they reach the bottom",en,0.997070,-0.087017,0.005466,1.771044,"[{""start"":162.4,""end"":162.8,""word"":"" The"",""probability"":0.992676},{""start"":162.8,""end"":163.32,""word"":"" CCD"",""probability"":0.999023},{""start"":163.32,""end"":163.56,""word"":"" shifts"",""probability"":0.993652},{""start"":163.56,""end"":163.84,""word"":"" the"",""probability"":0.98877},{""start"":163.84,""end"":164.18,""word"":"" charges"",""probability"":0.986328},{""start"":164.18,""end"":164.42,""word"":"" from"",""probability"":0.990723},{""start"":164.42,""end"":164.66,""word"":"" row"",""probability"":0.994629},{""start"":164.66,""end"":164.82,""word"":"" to"",""probability"":0.974121},{""start"":164.82,""end"":165.04,""word"":"" row,"",""probability"":0.999512},{""start"":165.14,""end"":165.34,""word"":"" without"",""probability"":0.99707},{""start"":165.34,""end"":165.74,""word"":"" wires,"",""probability"":0.996094},{""start"":165.98,""end"":166.44,""word"":"" until"",""probability"":0.995605},{""start"":166.44,""end"":166.66,""word"":"" they"",""probability"":0.987305},{""start"":166.66,""end"":166.92,""word"":"" reach"",""probability"":0.859375},{""start"":166.92,""end"":167.2,""word"":"" the"",""probability"":0.989746},{""start"":167.2,""end"":167.6,""word"":"" bottom"",""probability"":0.998047}]",large-v3
camera-001-asr-0034,camera-001,167.600,172.040,when a readout register transfers the charge to the camera's memory with very little distortion.,en,0.997070,-0.095820,0.003706,1.702703,"[{""start"":167.6,""end"":167.74,""word"":"" when"",""probability"":0.673828},{""start"":167.74,""end"":167.88,""word"":"" a"",""probability"":0.955566},{""start"":167.88,""end"":168.26,""word"":"" readout"",""probability"":0.905029},{""start"":168.26,""end"":168.56,""word"":"" register"",""probability"":0.989258},{""start"":168.56,""end"":169.2,""word"":"" transfers"",""probability"":0.990723},{""start"":169.2,""end"":169.44,""word"":"" the"",""probability"":0.953613},{""start"":169.44,""end"":169.72,""word"":"" charge"",""probability"":0.991699},{""start"":169.72,""end"":170.12,""word"":"" to"",""probability"":0.993164},{""start"":170.12,""end"":170.22,""word"":"" the"",""probability"":0.989258},{""start"":170.22,""end"":170.66,""word"":"" camera's"",""probability"":0.957275},{""start"":170.66,""end"":170.9,""word"":"" memory"",""probability"":0.998535},{""start"":170.9,""end"":171.14,""word"":"" with"",""probability"":0.96582},{""start"":171.14,""end"":171.44,""word"":"" very"",""probability"":0.973145},{""start"":171.44,""end"":171.64,""word"":"" little"",""probability"":0.998047},{""start"":171.64,""end"":172.04,""word"":"" distortion."",""probability"":0.994629}]",large-v3
camera-001-asr-0035,camera-001,172.400,176.080,The camera then counts the charges and constructs the image using that data.,en,0.997070,-0.095820,0.003706,1.702703,"[{""start"":172.4,""end"":172.8,""word"":"" The"",""probability"":0.992676},{""start"":172.8,""end"":173.06,""word"":"" camera"",""probability"":0.99707},{""start"":173.06,""end"":173.2,""word"":"" then"",""probability"":0.98584},{""start"":173.2,""end"":173.46,""word"":"" counts"",""probability"":0.998535},{""start"":173.46,""end"":173.56,""word"":"" the"",""probability"":0.988281},{""start"":173.56,""end"":173.86,""word"":"" charges"",""probability"":0.98877},{""start"":173.86,""end"":174.12,""word"":"" and"",""probability"":0.891113},{""start"":174.12,""end"":174.8,""word"":"" constructs"",""probability"":0.993896},{""start"":174.8,""end"":174.86,""word"":"" the"",""probability"":0.992676},{""start"":174.86,""end"":175.18,""word"":"" image"",""probability"":0.984863},{""start"":175.18,""end"":175.52,""word"":"" using"",""probability"":0.987305},{""start"":175.52,""end"":175.74,""word"":"" that"",""probability"":0.972168},{""start"":175.74,""end"":176.08,""word"":"" data."",""probability"":0.999023}]",large-v3
camera-001-asr-0036,camera-001,176.420,179.520,"Now, one last important question. How do we get color?",en,0.997070,-0.095820,0.003706,1.702703,"[{""start"":176.42,""end"":176.8,""word"":"" Now,"",""probability"":0.935547},{""start"":176.82,""end"":177.22,""word"":"" one"",""probability"":0.995117},{""start"":177.22,""end"":177.52,""word"":"" last"",""probability"":0.998047},{""start"":177.52,""end"":177.9,""word"":"" important"",""probability"":0.973633},{""start"":177.9,""end"":178.32,""word"":"" question."",""probability"":0.998047},{""start"":178.64,""end"":178.98,""word"":"" How"",""probability"":0.989746},{""start"":178.98,""end"":179.08,""word"":"" do"",""probability"":0.992188},{""start"":179.08,""end"":179.14,""word"":"" we"",""probability"":0.996582},{""start"":179.14,""end"":179.26,""word"":"" get"",""probability"":0.998535},{""start"":179.26,""end"":179.52,""word"":"" color?"",""probability"":0.98291}]",large-v3
camera-001-asr-0037,camera-001,179.780,185.640,"A CCD only detects total light intensity, which is useful for producing a black and white image.",en,0.997070,-0.095820,0.003706,1.702703,"[{""start"":179.78,""end"":180.22,""word"":"" A"",""probability"":0.990234},{""start"":180.22,""end"":180.8,""word"":"" CCD"",""probability"":0.994141},{""start"":180.8,""end"":181.2,""word"":"" only"",""probability"":0.991699},{""start"":181.2,""end"":181.88,""word"":"" detects"",""probability"":0.997803},{""start"":181.88,""end"":182.08,""word"":"" total"",""probability"":0.975586},{""start"":182.08,""end"":182.5,""word"":"" light"",""probability"":0.996582},{""start"":182.5,""end"":182.98,""word"":"" intensity,"",""probability"":0.996094},{""start"":183.18,""end"":183.58,""word"":"" which"",""probability"":0.998535},{""start"":183.58,""end"":183.7,""word"":"" is"",""probability"":0.998535},{""start"":183.7,""end"":184.1,""word"":"" useful"",""probability"":0.997559},{""start"":184.1,""end"":184.32,""word"":"" for"",""probability"":0.991211},{""start"":184.32,""end"":184.64,""word"":"" producing"",""probability"":0.998535},{""start"":184.64,""end"":184.86,""word"":"" a"",""probability"":0.992188},{""start"":184.86,""end"":185.06,""word"":"" black"",""probability"":0.987305},{""start"":185.06,""end"":185.22,""word"":"" and"",""probability"":0.763672},{""start"":185.22,""end"":185.36,""word"":"" white"",""probability"":0.999512},{""start"":185.36,""end"":185.64,""word"":"" image."",""probability"":0.998535}]",large-v3
camera-001-asr-0038,camera-001,185.860,190.520,"But for a color photograph, we need to separate the entering light into red, green and blue.",en,0.997070,-0.095820,0.003706,1.702703,"[{""start"":185.86,""end"":186.2,""word"":"" But"",""probability"":0.990723},{""start"":186.2,""end"":186.32,""word"":"" for"",""probability"":0.966797},{""start"":186.32,""end"":186.46,""word"":"" a"",""probability"":0.991699},{""start"":186.46,""end"":186.72,""word"":"" color"",""probability"":0.993652},{""start"":186.72,""end"":187.12,""word"":"" photograph,"",""probability"":0.994141},{""start"":187.3,""end"":187.62,""word"":"" we"",""probability"":0.99707},{""start"":187.62,""end"":187.78,""word"":"" need"",""probability"":0.99707},{""start"":187.78,""end"":187.9,""word"":"" to"",""probability"":0.99707},{""start"":187.9,""end"":188.26,""word"":"" separate"",""probability"":0.996094},{""start"":188.26,""end"":188.52,""word"":"" the"",""probability"":0.996094},{""start"":188.52,""end"":188.8,""word"":"" entering"",""probability"":0.99707},{""start"":188.8,""end"":189.08,""word"":"" light"",""probability"":0.998047},{""start"":189.08,""end"":189.34,""word"":"" into"",""probability"":0.98877},{""start"":189.34,""end"":189.64,""word"":"" red,"",""probability"":0.967773},{""start"":189.8,""end"":190.08,""word"":"" green"",""probability"":0.997559},{""start"":190.08,""end"":190.3,""word"":"" and"",""probability"":0.341309},{""start"":190.3,""end"":190.52,""word"":"" blue."",""probability"":0.999512}]",large-v3
camera-001-asr-0039,camera-001,190.820,195.060,"The most obvious solution is to filter the light into those three colors, using three",en,0.997070,-0.095820,0.003706,1.702703,"[{""start"":190.82,""end"":191.34,""word"":"" The"",""probability"":0.99707},{""start"":191.34,""end"":191.48,""word"":"" most"",""probability"":0.999023},{""start"":191.48,""end"":191.76,""word"":"" obvious"",""probability"":0.999023},{""start"":191.76,""end"":192.12,""word"":"" solution"",""probability"":0.998047},{""start"":192.12,""end"":192.36,""word"":"" is"",""probability"":0.998535},{""start"":192.36,""end"":192.44,""word"":"" to"",""probability"":0.99707},{""start"":192.44,""end"":192.74,""word"":"" filter"",""probability"":0.998535},{""start"":192.74,""end"":192.92,""word"":"" the"",""probability"":0.983887},{""start"":192.92,""end"":193.12,""word"":"" light"",""probability"":0.998535},{""start"":193.12,""end"":193.36,""word"":"" into"",""probability"":0.991699},{""start"":193.36,""end"":193.6,""word"":"" those"",""probability"":0.984375},{""start"":193.6,""end"":193.92,""word"":"" three"",""probability"":0.929688},{""start"":193.92,""end"":194.34,""word"":"" colors,"",""probability"":0.998047},{""start"":194.44,""end"":194.68,""word"":"" using"",""probability"":0.998047},{""start"":194.68,""end"":195.06,""word"":"" three"",""probability"":0.950195}]",large-v3
camera-001-asr-0040,camera-001,195.060,199.340,"three separate CCDs to capture red, blue, and green information and combine them into",en,0.997070,-0.123718,0.045349,1.769231,"[{""start"":195.06,""end"":195.06,""word"":"" three"",""probability"":0.243652},{""start"":195.06,""end"":195.58,""word"":"" separate"",""probability"":0.978516},{""start"":195.58,""end"":196.18,""word"":"" CCDs"",""probability"":0.950195},{""start"":196.18,""end"":196.28,""word"":"" to"",""probability"":0.98584},{""start"":196.28,""end"":196.54,""word"":"" capture"",""probability"":0.999023},{""start"":196.54,""end"":196.9,""word"":"" red,"",""probability"":0.93457},{""start"":197.04,""end"":197.26,""word"":"" blue,"",""probability"":0.995605},{""start"":197.34,""end"":197.44,""word"":"" and"",""probability"":0.986816},{""start"":197.44,""end"":197.6,""word"":"" green"",""probability"":0.999512},{""start"":197.6,""end"":198.08,""word"":"" information"",""probability"":0.993652},{""start"":198.08,""end"":198.56,""word"":"" and"",""probability"":0.689453},{""start"":198.56,""end"":198.96,""word"":"" combine"",""probability"":0.977051},{""start"":198.96,""end"":199.2,""word"":"" them"",""probability"":0.991699},{""start"":199.2,""end"":199.34,""word"":"" into"",""probability"":0.978516}]",large-v3
camera-001-asr-0041,camera-001,199.340,204.300,"a full color image. However, engineers have created a cheaper solution. Instead of using",en,0.997070,-0.123718,0.045349,1.769231,"[{""start"":199.34,""end"":199.46,""word"":"" a"",""probability"":0.996094},{""start"":199.46,""end"":199.74,""word"":"" full"",""probability"":0.997559},{""start"":199.74,""end"":200.02,""word"":"" color"",""probability"":0.76709},{""start"":200.02,""end"":200.34,""word"":"" image."",""probability"":0.998047},{""start"":200.68,""end"":201.12,""word"":"" However,"",""probability"":0.994141},{""start"":201.3,""end"":201.8,""word"":"" engineers"",""probability"":0.996094},{""start"":201.8,""end"":202.1,""word"":"" have"",""probability"":0.996582},{""start"":202.1,""end"":202.36,""word"":"" created"",""probability"":0.995605},{""start"":202.36,""end"":202.52,""word"":"" a"",""probability"":0.995605},{""start"":202.52,""end"":202.78,""word"":"" cheaper"",""probability"":0.99707},{""start"":202.78,""end"":203.18,""word"":"" solution."",""probability"":0.999512},{""start"":203.56,""end"":204.02,""word"":"" Instead"",""probability"":0.997559},{""start"":204.02,""end"":204.16,""word"":"" of"",""probability"":0.998535},{""start"":204.16,""end"":204.3,""word"":"" using"",""probability"":0.994629}]",large-v3
camera-001-asr-0042,camera-001,204.300,210.000,"three separate CCDs, they use a little math so they only need one. In this consumer camera,",en,0.997070,-0.123718,0.045349,1.769231,"[{""start"":204.3,""end"":204.6,""word"":"" three"",""probability"":0.973633},{""start"":204.6,""end"":205.08,""word"":"" separate"",""probability"":0.993652},{""start"":205.08,""end"":205.72,""word"":"" CCDs,"",""probability"":0.995605},{""start"":205.74,""end"":205.9,""word"":"" they"",""probability"":0.996094},{""start"":205.9,""end"":206.14,""word"":"" use"",""probability"":0.970215},{""start"":206.14,""end"":206.28,""word"":"" a"",""probability"":0.995117},{""start"":206.28,""end"":206.42,""word"":"" little"",""probability"":0.998535},{""start"":206.42,""end"":206.68,""word"":"" math"",""probability"":0.994141},{""start"":206.68,""end"":207.02,""word"":"" so"",""probability"":0.641602},{""start"":207.02,""end"":207.16,""word"":"" they"",""probability"":0.945312},{""start"":207.16,""end"":207.42,""word"":"" only"",""probability"":0.992676},{""start"":207.42,""end"":207.66,""word"":"" need"",""probability"":0.99707},{""start"":207.66,""end"":207.9,""word"":"" one."",""probability"":0.997559},{""start"":208.36,""end"":208.86,""word"":"" In"",""probability"":0.994141},{""start"":208.86,""end"":209.14,""word"":"" this"",""probability"":0.996582},{""start"":209.14,""end"":209.66,""word"":"" consumer"",""probability"":0.968262},{""start"":209.66,""end"":210.0,""word"":"" camera,"",""probability"":0.995605}]",large-v3
camera-001-asr-0043,camera-001,210.280,215.240,"they cover that single CCD with a filter with red, green, and blue pixel size sections.",en,0.997070,-0.123718,0.045349,1.769231,"[{""start"":210.28,""end"":210.52,""word"":"" they"",""probability"":0.991211},{""start"":210.52,""end"":210.86,""word"":"" cover"",""probability"":0.992188},{""start"":210.86,""end"":211.06,""word"":"" that"",""probability"":0.992676},{""start"":211.06,""end"":211.4,""word"":"" single"",""probability"":0.997559},{""start"":211.4,""end"":212.16,""word"":"" CCD"",""probability"":0.998047},{""start"":212.16,""end"":212.46,""word"":"" with"",""probability"":0.99707},{""start"":212.46,""end"":212.58,""word"":"" a"",""probability"":0.995605},{""start"":212.58,""end"":212.92,""word"":"" filter"",""probability"":0.998047},{""start"":212.92,""end"":213.14,""word"":"" with"",""probability"":0.984863},{""start"":213.14,""end"":213.42,""word"":"" red,"",""probability"":0.97998},{""start"":213.58,""end"":213.88,""word"":"" green,"",""probability"":0.997559},{""start"":213.94,""end"":214.1,""word"":"" and"",""probability"":0.998047},{""start"":214.1,""end"":214.22,""word"":"" blue"",""probability"":0.995605},{""start"":214.22,""end"":214.58,""word"":"" pixel"",""probability"":0.966797},{""start"":214.58,""end"":214.8,""word"":"" size"",""probability"":0.629395},{""start"":214.8,""end"":215.24,""word"":"" sections."",""probability"":0.995117}]",large-v3
camera-001-asr-0044,camera-001,215.500,219.900,This creates an image coming out of the CCD that's a mosaic of these three colors. The,en,0.997070,-0.123718,0.045349,1.769231,"[{""start"":215.5,""end"":216.0,""word"":"" This"",""probability"":0.998047},{""start"":216.0,""end"":216.18,""word"":"" creates"",""probability"":0.998047},{""start"":216.18,""end"":216.34,""word"":"" an"",""probability"":0.995117},{""start"":216.34,""end"":216.54,""word"":"" image"",""probability"":0.999512},{""start"":216.54,""end"":216.8,""word"":"" coming"",""probability"":0.991699},{""start"":216.8,""end"":217.0,""word"":"" out"",""probability"":0.95752},{""start"":217.0,""end"":217.14,""word"":"" of"",""probability"":0.994629},{""start"":217.14,""end"":217.2,""word"":"" the"",""probability"":0.993164},{""start"":217.2,""end"":217.62,""word"":"" CCD"",""probability"":0.998291},{""start"":217.62,""end"":217.8,""word"":"" that's"",""probability"":0.96582},{""start"":217.8,""end"":217.88,""word"":"" a"",""probability"":0.988281},{""start"":217.88,""end"":218.26,""word"":"" mosaic"",""probability"":0.996826},{""start"":218.26,""end"":218.52,""word"":"" of"",""probability"":0.999023},{""start"":218.52,""end"":218.66,""word"":"" these"",""probability"":0.989258},{""start"":218.66,""end"":218.86,""word"":"" three"",""probability"":0.992188},{""start"":218.86,""end"":219.2,""word"":"" colors."",""probability"":0.999023},{""start"":219.46,""end"":219.9,""word"":"" The"",""probability"":0.997559}]",large-v3
camera-001-asr-0045,camera-001,219.900,224.160,"camera applies an algorithm to estimate the correct colors for each pixel. For example,",en,0.997070,-0.123718,0.045349,1.769231,"[{""start"":219.9,""end"":220.16,""word"":"" camera"",""probability"":0.997559},{""start"":220.16,""end"":220.5,""word"":"" applies"",""probability"":0.997559},{""start"":220.5,""end"":220.68,""word"":"" an"",""probability"":0.997559},{""start"":220.68,""end"":221.06,""word"":"" algorithm"",""probability"":0.998535},{""start"":221.06,""end"":221.38,""word"":"" to"",""probability"":0.998535},{""start"":221.38,""end"":221.76,""word"":"" estimate"",""probability"":0.998535},{""start"":221.76,""end"":222.04,""word"":"" the"",""probability"":0.999023},{""start"":222.04,""end"":222.16,""word"":"" correct"",""probability"":0.994141},{""start"":222.16,""end"":222.52,""word"":"" colors"",""probability"":0.993164},{""start"":222.52,""end"":222.68,""word"":"" for"",""probability"":0.997559},{""start"":222.68,""end"":222.84,""word"":"" each"",""probability"":0.999512},{""start"":222.84,""end"":223.22,""word"":"" pixel."",""probability"":0.999023},{""start"":223.4,""end"":223.9,""word"":"" For"",""probability"":0.997559},{""start"":223.9,""end"":224.16,""word"":"" example,"",""probability"":0.999512}]",large-v3
camera-001-asr-0046,camera-001,224.160,227.860,"For example, if a green filter covered a pixel, we would need to estimate the red and blue",en,0.997070,-0.110950,0.005219,1.665635,"[{""start"":224.16,""end"":224.28,""word"":"" For"",""probability"":0.575195},{""start"":224.28,""end"":224.28,""word"":"" example,"",""probability"":0.994629},{""start"":224.28,""end"":224.4,""word"":"" if"",""probability"":0.98291},{""start"":224.4,""end"":224.5,""word"":"" a"",""probability"":0.975586},{""start"":224.5,""end"":224.7,""word"":"" green"",""probability"":0.986328},{""start"":224.7,""end"":225.08,""word"":"" filter"",""probability"":0.989746},{""start"":225.08,""end"":225.52,""word"":"" covered"",""probability"":0.983887},{""start"":225.52,""end"":225.72,""word"":"" a"",""probability"":0.982422},{""start"":225.72,""end"":226.04,""word"":"" pixel,"",""probability"":0.992676},{""start"":226.22,""end"":226.34,""word"":"" we"",""probability"":0.990234},{""start"":226.34,""end"":226.48,""word"":"" would"",""probability"":0.921875},{""start"":226.48,""end"":226.62,""word"":"" need"",""probability"":0.979492},{""start"":226.62,""end"":226.74,""word"":"" to"",""probability"":0.995117},{""start"":226.74,""end"":227.14,""word"":"" estimate"",""probability"":0.998047},{""start"":227.14,""end"":227.4,""word"":"" the"",""probability"":0.990723},{""start"":227.4,""end"":227.58,""word"":"" red"",""probability"":0.991211},{""start"":227.58,""end"":227.68,""word"":"" and"",""probability"":0.987305},{""start"":227.68,""end"":227.86,""word"":"" blue"",""probability"":0.996582}]",large-v3
camera-001-asr-0047,camera-001,227.860,228.780,components of that pixel.,en,0.997070,-0.110950,0.005219,1.665635,"[{""start"":227.86,""end"":228.3,""word"":"" components"",""probability"":0.985352},{""start"":228.3,""end"":228.4,""word"":"" of"",""probability"":0.986328},{""start"":228.4,""end"":228.48,""word"":"" that"",""probability"":0.949707},{""start"":228.48,""end"":228.78,""word"":"" pixel."",""probability"":0.998047}]",large-v3
camera-001-asr-0048,camera-001,228.940,233.760,"To do this, they'd use the adjacent pixels and average the color intensity for the pixels",en,0.997070,-0.110950,0.005219,1.665635,"[{""start"":228.94,""end"":229.32,""word"":"" To"",""probability"":0.990723},{""start"":229.32,""end"":229.48,""word"":"" do"",""probability"":0.998535},{""start"":229.48,""end"":229.74,""word"":"" this,"",""probability"":0.996094},{""start"":229.74,""end"":229.92,""word"":"" they'd"",""probability"":0.89624},{""start"":229.92,""end"":230.14,""word"":"" use"",""probability"":0.991699},{""start"":230.14,""end"":230.3,""word"":"" the"",""probability"":0.960938},{""start"":230.3,""end"":230.7,""word"":"" adjacent"",""probability"":0.996582},{""start"":230.7,""end"":231.18,""word"":"" pixels"",""probability"":0.991699},{""start"":231.18,""end"":231.54,""word"":"" and"",""probability"":0.871094},{""start"":231.54,""end"":231.98,""word"":"" average"",""probability"":0.990723},{""start"":231.98,""end"":232.18,""word"":"" the"",""probability"":0.995117},{""start"":232.18,""end"":232.52,""word"":"" color"",""probability"":0.98584},{""start"":232.52,""end"":232.98,""word"":"" intensity"",""probability"":0.993164},{""start"":232.98,""end"":233.36,""word"":"" for"",""probability"":0.973145},{""start"":233.36,""end"":233.46,""word"":"" the"",""probability"":0.995117},{""start"":233.46,""end"":233.76,""word"":"" pixels"",""probability"":0.990723}]",large-v3
camera-001-asr-0049,camera-001,233.760,234.240,in question.,en,0.997070,-0.110950,0.005219,1.665635,"[{""start"":233.76,""end"":233.92,""word"":"" in"",""probability"":0.996582},{""start"":233.92,""end"":234.24,""word"":"" question."",""probability"":0.998535}]",large-v3
camera-001-asr-0050,camera-001,234.560,238.820,It works because the image's significant details are much larger than each pixel.,en,0.997070,-0.110950,0.005219,1.665635,"[{""start"":234.56,""end"":235.0,""word"":"" It"",""probability"":0.986328},{""start"":235.0,""end"":235.32,""word"":"" works"",""probability"":0.998047},{""start"":235.32,""end"":235.68,""word"":"" because"",""probability"":0.930664},{""start"":235.68,""end"":235.82,""word"":"" the"",""probability"":0.966797},{""start"":235.82,""end"":236.3,""word"":"" image's"",""probability"":0.834229},{""start"":236.3,""end"":236.6,""word"":"" significant"",""probability"":0.993652},{""start"":236.6,""end"":237.24,""word"":"" details"",""probability"":0.996582},{""start"":237.24,""end"":237.48,""word"":"" are"",""probability"":0.999023},{""start"":237.48,""end"":237.66,""word"":"" much"",""probability"":0.996094},{""start"":237.66,""end"":238.1,""word"":"" larger"",""probability"":0.998535},{""start"":238.1,""end"":238.26,""word"":"" than"",""probability"":0.990723},{""start"":238.26,""end"":238.44,""word"":"" each"",""probability"":0.993652},{""start"":238.44,""end"":238.82,""word"":"" pixel."",""probability"":0.999023}]",large-v3
camera-001-asr-0051,camera-001,239.040,241.760,"This sounds implausible, but you've seen the results yourself.",en,0.997070,-0.110950,0.005219,1.665635,"[{""start"":239.04,""end"":239.36,""word"":"" This"",""probability"":0.981445},{""start"":239.36,""end"":239.68,""word"":"" sounds"",""probability"":0.984863},{""start"":239.68,""end"":240.32,""word"":"" implausible,"",""probability"":0.994954},{""start"":240.4,""end"":240.74,""word"":"" but"",""probability"":0.998535},{""start"":240.74,""end"":240.88,""word"":"" you've"",""probability"":0.984863},{""start"":240.88,""end"":241.1,""word"":"" seen"",""probability"":0.993164},{""start"":241.1,""end"":241.2,""word"":"" the"",""probability"":0.995117},{""start"":241.2,""end"":241.44,""word"":"" results"",""probability"":0.993164},{""start"":241.44,""end"":241.76,""word"":"" yourself."",""probability"":0.975098}]",large-v3
camera-001-asr-0052,camera-001,242.180,243.800,"I'm Bill Hammack, the engineer guy.",en,0.997070,-0.110950,0.005219,1.665635,"[{""start"":242.18,""end"":242.6,""word"":"" I'm"",""probability"":0.994385},{""start"":242.6,""end"":242.72,""word"":"" Bill"",""probability"":0.992188},{""start"":242.72,""end"":243.0,""word"":"" Hammack,"",""probability"":0.689819},{""start"":243.08,""end"":243.3,""word"":"" the"",""probability"":0.586914},{""start"":243.3,""end"":243.5,""word"":"" engineer"",""probability"":0.90918},{""start"":243.5,""end"":243.8,""word"":"" guy."",""probability"":0.983887}]",large-v3
camera-001-asr-0053,camera-001,244.360,249.040,This video is based on a chapter in the book Eight Amazing Engineering Stories.,en,0.997070,-0.110950,0.005219,1.665635,"[{""start"":244.36,""end"":244.88,""word"":"" This"",""probability"":0.972168},{""start"":244.88,""end"":245.26,""word"":"" video"",""probability"":0.996094},{""start"":245.26,""end"":245.48,""word"":"" is"",""probability"":0.995605},{""start"":245.48,""end"":245.72,""word"":"" based"",""probability"":0.998047},{""start"":245.72,""end"":245.92,""word"":"" on"",""probability"":0.996094},{""start"":245.92,""end"":246.0,""word"":"" a"",""probability"":0.984375},{""start"":246.0,""end"":246.3,""word"":"" chapter"",""probability"":0.997559},{""start"":246.3,""end"":246.58,""word"":"" in"",""probability"":0.993164},{""start"":246.58,""end"":246.62,""word"":"" the"",""probability"":0.987305},{""start"":246.62,""end"":246.86,""word"":"" book"",""probability"":0.994629},{""start"":246.86,""end"":247.32,""word"":"" Eight"",""probability"":0.256104},{""start"":247.32,""end"":248.06,""word"":"" Amazing"",""probability"":0.995117},{""start"":248.06,""end"":248.54,""word"":"" Engineering"",""probability"":0.994141},{""start"":248.54,""end"":249.04,""word"":"" Stories."",""probability"":0.995117}]",large-v3
camera-001-asr-0054,camera-001,249.360,251.920,The chapter features more information about this subject.,en,0.997070,-0.110950,0.005219,1.665635,"[{""start"":249.36,""end"":249.68,""word"":"" The"",""probability"":0.965332},{""start"":249.68,""end"":249.92,""word"":"" chapter"",""probability"":0.99707},{""start"":249.92,""end"":250.2,""word"":"" features"",""probability"":0.99707},{""start"":250.2,""end"":250.52,""word"":"" more"",""probability"":0.99707},{""start"":250.52,""end"":250.98,""word"":"" information"",""probability"":0.99707},{""start"":250.98,""end"":251.34,""word"":"" about"",""probability"":0.993164},{""start"":251.34,""end"":251.6,""word"":"" this"",""probability"":0.985352},{""start"":251.6,""end"":251.92,""word"":"" subject."",""probability"":0.998047}]",large-v3
camera-001-asr-0055,camera-001,251.920,254.080,Learn more about the book at the address below.,en,0.997070,-0.327825,0.106201,0.940000,"[{""start"":251.92,""end"":252.38,""word"":"" Learn"",""probability"":0.606934},{""start"":252.38,""end"":252.6,""word"":"" more"",""probability"":0.997559},{""start"":252.6,""end"":252.82,""word"":"" about"",""probability"":0.998047},{""start"":252.82,""end"":252.98,""word"":"" the"",""probability"":0.993164},{""start"":252.98,""end"":253.16,""word"":"" book"",""probability"":0.997559},{""start"":253.16,""end"":253.48,""word"":"" at"",""probability"":0.989258},{""start"":253.48,""end"":253.56,""word"":"" the"",""probability"":0.992676},{""start"":253.56,""end"":253.76,""word"":"" address"",""probability"":0.999512},{""start"":253.76,""end"":254.08,""word"":"" below."",""probability"":0.998535}]",large-v3
espresso-001-asr-0001,espresso-001,2.480,10.020,Espresso is a concentrated beverage brewed by forcing a small amount of nearly boiling water under pressure through finely ground coffee beans.,en,0.999512,-0.080276,0.001389,1.655870,"[{""start"":2.48,""end"":3.3,""word"":"" Espresso"",""probability"":0.973796},{""start"":3.3,""end"":3.44,""word"":"" is"",""probability"":0.991699},{""start"":3.44,""end"":3.54,""word"":"" a"",""probability"":0.991211},{""start"":3.54,""end"":4.0,""word"":"" concentrated"",""probability"":0.99707},{""start"":4.0,""end"":4.5,""word"":"" beverage"",""probability"":0.997559},{""start"":4.5,""end"":5.16,""word"":"" brewed"",""probability"":0.985107},{""start"":5.16,""end"":5.4,""word"":"" by"",""probability"":0.996582},{""start"":5.4,""end"":5.78,""word"":"" forcing"",""probability"":0.997559},{""start"":5.78,""end"":5.92,""word"":"" a"",""probability"":0.996094},{""start"":5.92,""end"":6.16,""word"":"" small"",""probability"":0.999023},{""start"":6.16,""end"":6.46,""word"":"" amount"",""probability"":0.999023},{""start"":6.46,""end"":6.66,""word"":"" of"",""probability"":0.998535},{""start"":6.66,""end"":6.88,""word"":"" nearly"",""probability"":0.974121},{""start"":6.88,""end"":7.24,""word"":"" boiling"",""probability"":0.778809},{""start"":7.24,""end"":7.64,""word"":"" water"",""probability"":0.998535},{""start"":7.64,""end"":8.12,""word"":"" under"",""probability"":0.976074},{""start"":8.12,""end"":8.5,""word"":"" pressure"",""probability"":0.990234},{""start"":8.5,""end"":8.76,""word"":"" through"",""probability"":0.963867},{""start"":8.76,""end"":9.02,""word"":"" finely"",""probability"":0.992188},{""start"":9.02,""end"":9.36,""word"":"" ground"",""probability"":0.946777},{""start"":9.36,""end"":9.66,""word"":"" coffee"",""probability"":0.994629},{""start"":9.66,""end"":10.02,""word"":"" beans."",""probability"":0.99707}]",large-v3
espresso-001-asr-0002,espresso-001,10.300,17.340,"It has more caffeine per unit volume than most beverages, but the usual serving size is smaller than a standard cup of coffee.",en,0.999512,-0.080276,0.001389,1.655870,"[{""start"":10.3,""end"":10.94,""word"":"" It"",""probability"":0.988281},{""start"":10.94,""end"":11.08,""word"":"" has"",""probability"":0.994141},{""start"":11.08,""end"":11.26,""word"":"" more"",""probability"":0.995117},{""start"":11.26,""end"":11.62,""word"":"" caffeine"",""probability"":0.982422},{""start"":11.62,""end"":11.84,""word"":"" per"",""probability"":0.986816},{""start"":11.84,""end"":12.1,""word"":"" unit"",""probability"":0.992676},{""start"":12.1,""end"":12.42,""word"":"" volume"",""probability"":0.992676},{""start"":12.42,""end"":12.76,""word"":"" than"",""probability"":0.995117},{""start"":12.76,""end"":12.98,""word"":"" most"",""probability"":0.999023},{""start"":12.98,""end"":13.36,""word"":"" beverages,"",""probability"":0.994629},{""start"":13.68,""end"":14.2,""word"":"" but"",""probability"":0.992676},{""start"":14.2,""end"":14.32,""word"":"" the"",""probability"":0.996582},{""start"":14.32,""end"":14.6,""word"":"" usual"",""probability"":0.996094},{""start"":14.6,""end"":14.96,""word"":"" serving"",""probability"":0.999023},{""start"":14.96,""end"":15.24,""word"":"" size"",""probability"":0.990723},{""start"":15.24,""end"":15.52,""word"":"" is"",""probability"":0.998047},{""start"":15.52,""end"":15.86,""word"":"" smaller"",""probability"":0.997559},{""start"":15.86,""end"":16.16,""word"":"" than"",""probability"":0.998047},{""start"":16.16,""end"":16.3,""word"":"" a"",""probability"":0.859375},{""start"":16.3,""end"":16.56,""word"":"" standard"",""probability"":0.998047},{""start"":16.56,""end"":16.82,""word"":"" cup"",""probability"":0.997559},{""start"":16.82,""end"":17.0,""word"":"" of"",""probability"":0.998047},{""start"":17.0,""end"":17.34,""word"":"" coffee."",""probability"":0.999023}]",large-v3
espresso-001-asr-0003,espresso-001,18.440,22.820,The act of producing a shot of espresso is often termed pulling a shot.,en,0.999512,-0.080276,0.001389,1.655870,"[{""start"":18.44,""end"":19.08,""word"":"" The"",""probability"":0.988281},{""start"":19.08,""end"":19.32,""word"":"" act"",""probability"":0.991699},{""start"":19.32,""end"":19.46,""word"":"" of"",""probability"":0.999023},{""start"":19.46,""end"":19.84,""word"":"" producing"",""probability"":0.998047},{""start"":19.84,""end"":20.14,""word"":"" a"",""probability"":0.98877},{""start"":20.14,""end"":20.32,""word"":"" shot"",""probability"":0.995117},{""start"":20.32,""end"":20.52,""word"":"" of"",""probability"":0.999023},{""start"":20.52,""end"":20.74,""word"":"" espresso"",""probability"":0.986328},{""start"":20.74,""end"":21.18,""word"":"" is"",""probability"":0.995605},{""start"":21.18,""end"":21.5,""word"":"" often"",""probability"":0.997559},{""start"":21.5,""end"":22.0,""word"":"" termed"",""probability"":0.998535},{""start"":22.0,""end"":22.22,""word"":"" pulling"",""probability"":0.174927},{""start"":22.22,""end"":22.6,""word"":"" a"",""probability"":0.981934},{""start"":22.6,""end"":22.82,""word"":"" shot."",""probability"":0.998047}]",large-v3
espresso-001-asr-0004,espresso-001,23.500,27.220,Methods of preparation differ between drinks and between baristas.,en,0.999512,-0.080276,0.001389,1.655870,"[{""start"":23.5,""end"":24.14,""word"":"" Methods"",""probability"":0.997314},{""start"":24.14,""end"":24.18,""word"":"" of"",""probability"":0.999023},{""start"":24.18,""end"":24.5,""word"":"" preparation"",""probability"":0.994141},{""start"":24.5,""end"":25.3,""word"":"" differ"",""probability"":0.990234},{""start"":25.3,""end"":25.62,""word"":"" between"",""probability"":0.996582},{""start"":25.62,""end"":26.08,""word"":"" drinks"",""probability"":0.998047},{""start"":26.08,""end"":26.42,""word"":"" and"",""probability"":0.988281},{""start"":26.42,""end"":26.78,""word"":"" between"",""probability"":0.967285},{""start"":26.78,""end"":27.22,""word"":"" baristas."",""probability"":0.996094}]",large-v3
espresso-001-asr-0005,espresso-001,28.300,32.040,Temping down the coffee promotes the water's even penetration of the grounds.,en,0.999512,-0.117386,0.014267,1.546448,"[{""start"":28.3,""end"":28.94,""word"":"" Temping"",""probability"":0.644653},{""start"":28.94,""end"":29.1,""word"":"" down"",""probability"":0.98877},{""start"":29.1,""end"":29.28,""word"":"" the"",""probability"":0.983887},{""start"":29.28,""end"":29.58,""word"":"" coffee"",""probability"":0.99707},{""start"":29.58,""end"":29.94,""word"":"" promotes"",""probability"":0.983887},{""start"":29.94,""end"":30.22,""word"":"" the"",""probability"":0.987305},{""start"":30.22,""end"":30.56,""word"":"" water's"",""probability"":0.924805},{""start"":30.56,""end"":30.74,""word"":"" even"",""probability"":0.995117},{""start"":30.74,""end"":31.24,""word"":"" penetration"",""probability"":0.991699},{""start"":31.24,""end"":31.64,""word"":"" of"",""probability"":0.962402},{""start"":31.64,""end"":31.76,""word"":"" the"",""probability"":0.995605},{""start"":31.76,""end"":32.04,""word"":"" grounds."",""probability"":0.981445}]",large-v3
espresso-001-asr-0006,espresso-001,32.860,39.040,"The espresso is made by forcing very hot water under high pressure through finely ground, compacted coffee.",en,0.999512,-0.117386,0.014267,1.546448,"[{""start"":32.86,""end"":33.5,""word"":"" The"",""probability"":0.983398},{""start"":33.5,""end"":33.8,""word"":"" espresso"",""probability"":0.990234},{""start"":33.8,""end"":34.04,""word"":"" is"",""probability"":0.996094},{""start"":34.04,""end"":34.28,""word"":"" made"",""probability"":0.997559},{""start"":34.28,""end"":34.42,""word"":"" by"",""probability"":0.995605},{""start"":34.42,""end"":34.74,""word"":"" forcing"",""probability"":0.994629},{""start"":34.74,""end"":35.0,""word"":"" very"",""probability"":0.992188},{""start"":35.0,""end"":35.32,""word"":"" hot"",""probability"":0.995605},{""start"":35.32,""end"":35.66,""word"":"" water"",""probability"":0.998047},{""start"":35.66,""end"":35.96,""word"":"" under"",""probability"":0.959961},{""start"":35.96,""end"":36.2,""word"":"" high"",""probability"":0.986816},{""start"":36.2,""end"":36.64,""word"":"" pressure"",""probability"":0.983887},{""start"":36.64,""end"":37.24,""word"":"" through"",""probability"":0.95166},{""start"":37.24,""end"":37.5,""word"":"" finely"",""probability"":0.981934},{""start"":37.5,""end"":37.92,""word"":"" ground,"",""probability"":0.942383},{""start"":38.08,""end"":38.8,""word"":"" compacted"",""probability"":0.997314},{""start"":38.8,""end"":39.04,""word"":"" coffee."",""probability"":0.990234}]",large-v3
espresso-001-asr-0007,espresso-001,39.780,44.980,The process produces an almost syrupy beverage by extracting both solid and dissolved components.,en,0.999512,-0.117386,0.014267,1.546448,"[{""start"":39.78,""end"":40.42,""word"":"" The"",""probability"":0.989746},{""start"":40.42,""end"":40.68,""word"":"" process"",""probability"":0.999023},{""start"":40.68,""end"":41.12,""word"":"" produces"",""probability"":0.996582},{""start"":41.12,""end"":41.44,""word"":"" an"",""probability"":0.98877},{""start"":41.44,""end"":41.72,""word"":"" almost"",""probability"":0.999512},{""start"":41.72,""end"":42.2,""word"":"" syrupy"",""probability"":0.993164},{""start"":42.2,""end"":42.54,""word"":"" beverage"",""probability"":0.998047},{""start"":42.54,""end"":42.86,""word"":"" by"",""probability"":0.987793},{""start"":42.86,""end"":43.26,""word"":"" extracting"",""probability"":0.995117},{""start"":43.26,""end"":43.54,""word"":"" both"",""probability"":0.995117},{""start"":43.54,""end"":43.98,""word"":"" solid"",""probability"":0.973145},{""start"":43.98,""end"":44.3,""word"":"" and"",""probability"":0.992676},{""start"":44.3,""end"":44.56,""word"":"" dissolved"",""probability"":0.990723},{""start"":44.56,""end"":44.98,""word"":"" components."",""probability"":0.987793}]",large-v3
