record_id,review_scope,ai_expected_product_class,ai_predicted_product_class,title,source_platform,source_page_url,creator,license_id,candidate_split,technical_decision,ai_decision,ai_procedure_relevance,ai_functional_step_visible,ai_visual_evidence,ai_uncertainty,sample_frame_paths,review_priority,prescreen_flags,reviewer_id,review_status,license_evidence_status,corrected_product_class,corrected_procedure_relevance,corrected_functional_step_visible,privacy_risk,safety_risk,correction_reason,final_decision,dataset_split,reviewed_at
espresso-010,full_positive_review,Espresso Machine,Espresso Machine,The bean that could save coffee from climate change.webm,Wikimedia Commons,https://commons.wikimedia.org/wiki/File:The_bean_that_could_save_coffee_from_climate_change.webm,Context_news,CC BY-SA 4.0,development_candidate,pass,retain_for_human_review,operation,yes,"A person is operating an espresso machine, pouring water into a portafilter, which is a key step in the espresso extraction process.",,data_video/review/candidate_frames/espresso-010/sample_01.jpg|data_video/review/candidate_frames/espresso-010/sample_02.jpg|data_video/review/candidate_frames/espresso-010/sample_03.jpg|data_video/review/candidate_frames/espresso-010/sample_04.jpg|data_video/review/candidate_frames/espresso-010/sample_05.jpg,high,espresso_scope_risk,R1,pending,pending,,,,,,,pending,pending,
pressure-002,full_positive_review,Pressure Cooker,Pressure Cooker,Home Made Alcohol Pressure Cooker Modification.webm,Wikimedia Commons,https://commons.wikimedia.org/wiki/File:Home_Made_Alcohol_Pressure_Cooker_Modification.webm,ThekaService.com - Delhi's 1st Virtual Theka,CC BY 3.0,source_disjoint_test_candidate,pass,retain_for_human_review,setup,yes,"A stainless steel pot with a lid and pressure valve is shown connected by copper tubing to a bucket filled with ice, indicating a distillation setup. A hand is seen adjusting the copper tube in the ice bucket, and a measuring cup is shown with liquid, suggesting collection of distillate.",,data_video/review/candidate_frames/pressure-002/sample_01.jpg|data_video/review/candidate_frames/pressure-002/sample_02.jpg|data_video/review/candidate_frames/pressure-002/sample_03.jpg|data_video/review/candidate_frames/pressure-002/sample_04.jpg|data_video/review/candidate_frames/pressure-002/sample_05.jpg,high,unsafe_or_off_domain_modification,R1,pending,pending,,,,,,,pending,pending,
pressure-006,full_positive_review,Pressure Cooker,Air Fryer,Multi Function Pressure Cooker,Internet Archive,https://archive.org/details/multi-function-pressure-cooker,Archive contributor,OWNER-WRITTEN-AUTHORIZATION,development_candidate,pass,retain_for_human_review,operation,yes,A hand is placing food (chicken and potatoes) into the basket of a yellow appliance. The appliance has a digital control panel with cooking modes and a '360 air cooking' feature shown. The interior shows food being cooked by hot air circulation.,,data_video/review/archive_candidate_frames/pressure-006/sample_01.jpg|data_video/review/archive_candidate_frames/pressure-006/sample_02.jpg|data_video/review/archive_candidate_frames/pressure-006/sample_03.jpg|data_video/review/archive_candidate_frames/pressure-006/sample_04.jpg|data_video/review/archive_candidate_frames/pressure-006/sample_05.jpg,high,predicted_class_mismatch,R1,pending,pending,,,,,,,pending,pending,
pressure-009,full_positive_review,Pressure Cooker,Pressure Cooker,Best Pressure Cooker By Decent Cookware – Built For Everyday Indian Kitchens,Internet Archive,https://archive.org/details/best-pressure-cooker-by-decent-cookware-built-for-everyday-indian-kitchens,Archive contributor,OWNER-WRITTEN-AUTHORIZATION,development_candidate,pass,retain_for_human_review,promotion,no,"The frames display a stainless steel pressure cooker with a lid, valve, and handles. Text overlays highlight features like 'Premium quality', 'Stylish & Long-lasting', and 'Loved by families & chefs alike!'. The final frame provides contact information and shopping links.",,data_video/review/archive_candidate_frames/pressure-009/sample_01.jpg|data_video/review/archive_candidate_frames/pressure-009/sample_02.jpg|data_video/review/archive_candidate_frames/pressure-009/sample_03.jpg|data_video/review/archive_candidate_frames/pressure-009/sample_04.jpg|data_video/review/archive_candidate_frames/pressure-009/sample_05.jpg,high,no_visible_functional_step,R1,pending,pending,,,,,,,pending,pending,
printer-002,full_positive_review,Printer,Printer,UV inkjet printing on letter box.ogv,Wikimedia Commons,https://commons.wikimedia.org/wiki/File:UV_inkjet_printing_on_letter_box.ogv,Akaniji,CC BY-SA 3.0,source_disjoint_test_candidate,pass,retain_for_human_review,component_overview,no,"A Mimaki brand large-format printer is shown on a workbench. The machine has a control panel with a green power indicator lit, and the print head is visible moving across the platen. No paper or media is being fed or printed, and no user interaction is visible.",,data_video/review/candidate_frames/printer-002/sample_01.jpg|data_video/review/candidate_frames/printer-002/sample_02.jpg|data_video/review/candidate_frames/printer-002/sample_03.jpg|data_video/review/candidate_frames/printer-002/sample_04.jpg|data_video/review/candidate_frames/printer-002/sample_05.jpg,high,no_visible_functional_step,R1,pending,pending,,,,,,,pending,pending,
vacuum-026,full_positive_review,Vacuum,Vacuum,Vacuum Packaging Machine.webm,Wikimedia Commons,https://commons.wikimedia.org/wiki/File:Vacuum_Packaging_Machine.webm,LocalInformation,CC BY-SA 3.0,development_candidate,pass,retain_for_human_review,operation,yes,"A person is shown placing a bag of granular material into a stainless steel machine with a hinged lid, which is then closed. The machine has a control panel with a digital display and buttons, and the brand 'Sevana' is visible. This action is consistent with vacuum sealing.",,data_video/review/candidate_frames/vacuum-026/sample_01.jpg|data_video/review/candidate_frames/vacuum-026/sample_02.jpg|data_video/review/candidate_frames/vacuum-026/sample_03.jpg|data_video/review/candidate_frames/vacuum-026/sample_04.jpg|data_video/review/candidate_frames/vacuum-026/sample_05.jpg,high,vacuum_wrong_domain_risk,R1,pending,pending,,,,,,,pending,pending,
airfryer-006,full_positive_review,Air Fryer,Air Fryer,Make Easy ' Air Fryer Oreos' At Home With Only 2 Ingredients,Internet Archive,https://archive.org/details/make-easy-air-fryer-oreos-at-home-with-only-2-ingredients,Good Morning America,CC0-1.0,development_candidate,pass,retain_for_human_review,operation,yes,"Frame 4 shows a hand operating the handle of a white and black air fryer, indicating the appliance is being used. Frame 5 shows a cooked food item (likely the Oreo-crescent roll) being dusted with powdered sugar, which is a typical post-cooking step after air frying.",,data_video/review/archive_candidate_frames/airfryer-006/sample_01.jpg|data_video/review/archive_candidate_frames/airfryer-006/sample_02.jpg|data_video/review/archive_candidate_frames/airfryer-006/sample_03.jpg|data_video/review/archive_candidate_frames/airfryer-006/sample_04.jpg|data_video/review/archive_candidate_frames/airfryer-006/sample_05.jpg,normal,,R1,pending,pending,,,,,,,pending,pending,
airfryer-011,full_positive_review,Air Fryer,Air Fryer,Monterey Recreation Presents: That's Good! Air Fryer Grilled Cheese,Internet Archive,https://archive.org/details/monterca-Monterey_Recreation_Presents_-_That_s_Good_Air_Fryer_Grilled_Cheese,City of Monterey CA,OWNER-WRITTEN-AUTHORIZATION,development_candidate,pass,retain_for_human_review,operation,yes,"A black air fryer is visible on the counter, and a person is shown placing a sandwich into it and later eating the cooked sandwich.",,data_video/review/archive_candidate_frames/airfryer-011/sample_01.jpg|data_video/review/archive_candidate_frames/airfryer-011/sample_02.jpg|data_video/review/archive_candidate_frames/airfryer-011/sample_03.jpg|data_video/review/archive_candidate_frames/airfryer-011/sample_04.jpg|data_video/review/archive_candidate_frames/airfryer-011/sample_05.jpg,normal,,R1,pending,pending,,,,,,,pending,pending,
espresso-004,full_positive_review,Espresso Machine,Espresso Machine,Der perfekte Espresso aus dem Siebträger.ogv,Wikimedia Commons,https://commons.wikimedia.org/wiki/File:Der_perfekte_Espresso_aus_dem_Siebtr%C3%A4ger.ogv,"Max Duchardt, Katrin Engel",CC BY 3.0,source_disjoint_test_candidate,pass,retain_for_human_review,operation,yes,"Frames show an espresso machine, tamping coffee grounds, brewing espresso into cups, and drinking the espresso. These are all operations directly related to using an espresso machine.",,data_video/review/candidate_frames/espresso-004/sample_01.jpg|data_video/review/candidate_frames/espresso-004/sample_02.jpg|data_video/review/candidate_frames/espresso-004/sample_03.jpg|data_video/review/candidate_frames/espresso-004/sample_04.jpg|data_video/review/candidate_frames/espresso-004/sample_05.jpg,normal,,R1,pending,pending,,,,,,,pending,pending,
espresso-005,full_positive_review,Espresso Machine,Espresso Machine,"Morning Espresso Routine - Progress, Results, Observations and Miscellany.webm",Wikimedia Commons,"https://commons.wikimedia.org/wiki/File:Morning_Espresso_Routine_-_Progress,_Results,_Observations_and_Miscellany.webm","Scott Schiller from San Francisco, CA, USA",CC BY 2.0,source_disjoint_test_candidate,pass,retain_for_human_review,operation,yes,"Frames show a chrome portafilter being inserted into an espresso machine, followed by the extraction of espresso into a red cup. This is a clear operational sequence of an espresso machine.",,data_video/review/candidate_frames/espresso-005/sample_01.jpg|data_video/review/candidate_frames/espresso-005/sample_02.jpg|data_video/review/candidate_frames/espresso-005/sample_03.jpg|data_video/review/candidate_frames/espresso-005/sample_04.jpg|data_video/review/candidate_frames/espresso-005/sample_05.jpg,normal,,R1,pending,pending,,,,,,,pending,pending,
espresso-006,full_positive_review,Espresso Machine,Espresso Machine,Приготовление макиато.webm,Wikimedia Commons,https://commons.wikimedia.org/wiki/File:%D0%9F%D1%80%D0%B8%D0%B3%D0%BE%D1%82%D0%BE%D0%B2%D0%BB%D0%B5%D0%BD%D0%B8%D0%B5_%D0%BC%D0%B0%D0%BA%D0%B8%D0%B0%D1%82%D0%BE.webm,Pannet,CC BY-SA 4.0,source_disjoint_test_candidate,pass,retain_for_human_review,operation,yes,"A Bosch coffee machine is actively dispensing milk into a glass, with the machine's control panel and brand visible. The sequence shows the milk level rising and then coffee being added, indicating a beverage preparation process.",,data_video/review/candidate_frames/espresso-006/sample_01.jpg|data_video/review/candidate_frames/espresso-006/sample_02.jpg|data_video/review/candidate_frames/espresso-006/sample_03.jpg|data_video/review/candidate_frames/espresso-006/sample_04.jpg|data_video/review/candidate_frames/espresso-006/sample_05.jpg,normal,,R1,pending,pending,,,,,,,pending,pending,
espresso-008,full_positive_review,Espresso Machine,Espresso Machine,"Machine à café à l'hôtel de la Cloche (Dole, Jura, France).webm",Wikimedia Commons,"https://commons.wikimedia.org/wiki/File:Machine_%C3%A0_caf%C3%A9_%C3%A0_l%27h%C3%B4tel_de_la_Cloche_(Dole,_Jura,_France).webm",Benoît Prieur,CC0,development_candidate,pass,retain_for_human_review,operation,yes,"A white mug with a logo is positioned under the spout of a coffee machine, and liquid is visibly being dispensed into it, indicating the brewing process is underway.",,data_video/review/candidate_frames/espresso-008/sample_01.jpg|data_video/review/candidate_frames/espresso-008/sample_02.jpg|data_video/review/candidate_frames/espresso-008/sample_03.jpg|data_video/review/candidate_frames/espresso-008/sample_04.jpg|data_video/review/candidate_frames/espresso-008/sample_05.jpg,normal,,R1,pending,pending,,,,,,,pending,pending,
espresso-009,full_positive_review,Espresso Machine,Espresso Machine,Tassimo coffee system.webm,Wikimedia Commons,https://commons.wikimedia.org/wiki/File:Tassimo_coffee_system.webm,Erik Pålsson;,CC BY 3.0,development_candidate,pass,retain_for_human_review,operation,yes,"A Tassimo coffee machine is actively brewing coffee into a blue mug, with liquid visibly flowing from the spout into the cup.",,data_video/review/candidate_frames/espresso-009/sample_01.jpg|data_video/review/candidate_frames/espresso-009/sample_02.jpg|data_video/review/candidate_frames/espresso-009/sample_03.jpg|data_video/review/candidate_frames/espresso-009/sample_04.jpg|data_video/review/candidate_frames/espresso-009/sample_05.jpg,normal,,R1,pending,pending,,,,,,,pending,pending,
espresso-015,full_positive_review,Espresso Machine,Espresso Machine,Morning Espresso Routine (abridged version).webm,Wikimedia Commons,https://commons.wikimedia.org/wiki/File:Morning_Espresso_Routine_(abridged_version).webm,"Scott Schiller from San Francisco, CA, USA",CC BY 2.0,development_candidate,pass,retain_for_human_review,operation,yes,"The frames show an espresso machine in operation, with coffee being extracted from the portafilter into a red cup. The sequence captures the start of extraction, the flow of espresso, and the end of extraction.",,data_video/review/candidate_frames/espresso-015/sample_01.jpg|data_video/review/candidate_frames/espresso-015/sample_02.jpg|data_video/review/candidate_frames/espresso-015/sample_03.jpg|data_video/review/candidate_frames/espresso-015/sample_04.jpg|data_video/review/candidate_frames/espresso-015/sample_05.jpg,normal,,R1,pending,pending,,,,,,,pending,pending,
espresso-016,full_positive_review,Espresso Machine,Espresso Machine,Sunday Morning Espresso Routine - Grind + distribute + tamp + extraction (15-Second Abridged Version).webm,Wikimedia Commons,https://commons.wikimedia.org/wiki/File:Sunday_Morning_Espresso_Routine_-_Grind_%2B_distribute_%2B_tamp_%2B_extraction_(15-Second_Abridged_Version).webm,"Scott Schiller from San Francisco, CA, USA",CC BY 2.0,development_candidate,pass,retain_for_human_review,operation,yes,"Frames show grinding coffee, tamping grounds into a portafilter, and the final frame displays a full espresso machine with cups and grinder, indicating espresso extraction is imminent or in progress.",,data_video/review/candidate_frames/espresso-016/sample_01.jpg|data_video/review/candidate_frames/espresso-016/sample_02.jpg|data_video/review/candidate_frames/espresso-016/sample_03.jpg|data_video/review/candidate_frames/espresso-016/sample_04.jpg|data_video/review/candidate_frames/espresso-016/sample_05.jpg,normal,,R1,pending,pending,,,,,,,pending,pending,
printer-003,full_positive_review,Printer,Printer,"Electronica 2025, Bangalore International Exhibition Centre, 16.webm",Wikimedia Commons,"https://commons.wikimedia.org/wiki/File:Electronica_2025,_Bangalore_International_Exhibition_Centre,_16.webm",Gpkp,CC BY-SA 4.0,source_disjoint_test_candidate,pass,retain_for_human_review,operation,yes,"A person is operating a machine that appears to be a label printer, with a laptop connected for control. The machine is actively printing a label onto a black surface, with a visible laser or print head in motion.",,data_video/review/candidate_frames/printer-003/sample_01.jpg|data_video/review/candidate_frames/printer-003/sample_02.jpg|data_video/review/candidate_frames/printer-003/sample_03.jpg|data_video/review/candidate_frames/printer-003/sample_04.jpg|data_video/review/candidate_frames/printer-003/sample_05.jpg,normal,,R1,pending,pending,,,,,,,pending,pending,
printer-006,full_positive_review,Printer,Printer,FALHA DO CARTUCHO DE TINTA - O QUE FAZER.webm,Wikimedia Commons,https://commons.wikimedia.org/wiki/File:FALHA_DO_CARTUCHO_DE_TINTA_-_O_QUE_FAZER.webm,Valejet TV,CC BY 3.0,development_candidate,pass,retain_for_human_review,troubleshooting,yes,"A printer error message ('Falha do cartucho de tinta') is displayed on screen, and a person is shown handling a printer ink cartridge, indicating a troubleshooting procedure for a printer issue.",,data_video/review/candidate_frames/printer-006/sample_01.jpg|data_video/review/candidate_frames/printer-006/sample_02.jpg|data_video/review/candidate_frames/printer-006/sample_03.jpg|data_video/review/candidate_frames/printer-006/sample_04.jpg|data_video/review/candidate_frames/printer-006/sample_05.jpg,normal,,R1,pending,pending,,,,,,,pending,pending,
vacuum-003,full_positive_review,Vacuum,Vacuum,Robot vacuum cleaner - Japan - 2024 June 24.webm,Wikimedia Commons,https://commons.wikimedia.org/wiki/File:Robot_vacuum_cleaner_-_Japan_-_2024_June_24.webm,Nesnad,CC BY 4.0,source_disjoint_test_candidate,pass,retain_for_human_review,operation,yes,"A circular robot vacuum cleaner is shown moving across a wooden floor, actively cleaning and navigating around furniture and a cabinet.",,data_video/review/candidate_frames/vacuum-003/sample_01.jpg|data_video/review/candidate_frames/vacuum-003/sample_02.jpg|data_video/review/candidate_frames/vacuum-003/sample_03.jpg|data_video/review/candidate_frames/vacuum-003/sample_04.jpg|data_video/review/candidate_frames/vacuum-003/sample_05.jpg,normal,,R1,pending,pending,,,,,,,pending,pending,
vacuum-004,full_positive_review,Vacuum,Vacuum,Staubsauger Henry Plus! 170 Breakdown.webm,Wikimedia Commons,https://commons.wikimedia.org/wiki/File:Staubsauger_Henry_Plus!_170_Breakdown.webm,DYVER,CC BY-SA 4.0,source_disjoint_test_candidate,pass,retain_for_human_review,operation,yes,"A blue and black Henry vacuum cleaner is shown on a carpeted floor in an office setting. The frames display overlaid German text labels ('Original', 'Perspektive ändern', 'Farben anpassen', 'Löschen'), indicating editing or modification actions being demonstrated, which are operations related to the product's use or presentation.",,data_video/review/candidate_frames/vacuum-004/sample_01.jpg|data_video/review/candidate_frames/vacuum-004/sample_02.jpg|data_video/review/candidate_frames/vacuum-004/sample_03.jpg|data_video/review/candidate_frames/vacuum-004/sample_04.jpg|data_video/review/candidate_frames/vacuum-004/sample_05.jpg,normal,,R1,pending,pending,,,,,,,pending,pending,
vacuum-008,full_positive_review,Vacuum,Vacuum,A day in the life of NEATO our cleaning bot.webm,Wikimedia Commons,https://commons.wikimedia.org/wiki/File:A_day_in_the_life_of_NEATO_our_cleaning_bot.webm,George Buitelaar,CC BY 3.0,development_candidate,pass,retain_for_human_review,operation,yes,"The frames show a robotic vacuum cleaner moving across a floor, navigating around furniture and obstacles, which is a core operational function.",,data_video/review/candidate_frames/vacuum-008/sample_01.jpg|data_video/review/candidate_frames/vacuum-008/sample_02.jpg|data_video/review/candidate_frames/vacuum-008/sample_03.jpg|data_video/review/candidate_frames/vacuum-008/sample_04.jpg|data_video/review/candidate_frames/vacuum-008/sample_05.jpg,normal,,R1,pending,pending,,,,,,,pending,pending,
vacuum-009,full_positive_review,Vacuum,Vacuum,Vacuuming with Snickerdoodle (GEDC2330).webm,Wikimedia Commons,https://commons.wikimedia.org/wiki/File:Vacuuming_with_Snickerdoodle_(GEDC2330).webm,Trougnouf,CC BY 4.0,development_candidate,pass,retain_for_human_review,operation,yes,"A red vacuum cleaner is being pushed across a carpeted floor by a person, with a dog nearby. The vacuum is actively moving, indicating cleaning in progress.",,data_video/review/candidate_frames/vacuum-009/sample_01.jpg|data_video/review/candidate_frames/vacuum-009/sample_02.jpg|data_video/review/candidate_frames/vacuum-009/sample_03.jpg|data_video/review/candidate_frames/vacuum-009/sample_04.jpg|data_video/review/candidate_frames/vacuum-009/sample_05.jpg,normal,,R1,pending,pending,,,,,,,pending,pending,
vacuum-010,full_positive_review,Vacuum,Vacuum,Vorwerk Kobold VR100 in Zeitraffer im Büro.webm,Wikimedia Commons,https://commons.wikimedia.org/wiki/File:Vorwerk_Kobold_VR100_in_Zeitraffer_im_B%C3%BCro.webm,Marcel B,CC BY 3.0,development_candidate,pass,retain_for_human_review,operation,yes,"A white robotic vacuum cleaner appears on the rug in frame 3 and moves across it in frame 4, indicating active cleaning operation.",,data_video/review/candidate_frames/vacuum-010/sample_01.jpg|data_video/review/candidate_frames/vacuum-010/sample_02.jpg|data_video/review/candidate_frames/vacuum-010/sample_03.jpg|data_video/review/candidate_frames/vacuum-010/sample_04.jpg|data_video/review/candidate_frames/vacuum-010/sample_05.jpg,normal,,R1,pending,pending,,,,,,,pending,pending,
washing-007,full_positive_review,Washing Machine,Washing Machine,Wringer washer.webm,Wikimedia Commons,https://commons.wikimedia.org/wiki/File:Wringer_washer.webm,Pierre5018,CC BY 4.0,development_candidate,pass,retain_for_human_review,operation,yes,"A person is operating a manual wringer machine, turning a crank to compress fabric between rollers, which is a key laundry operation.",,data_video/review/candidate_frames/washing-007/sample_01.jpg|data_video/review/candidate_frames/washing-007/sample_02.jpg|data_video/review/candidate_frames/washing-007/sample_03.jpg|data_video/review/candidate_frames/washing-007/sample_04.jpg|data_video/review/candidate_frames/washing-007/sample_05.jpg,normal,,R1,pending,pending,,,,,,,pending,pending,
washing-009,full_positive_review,Washing Machine,Washing Machine,Aerra's Films of the Ordinary XV -- Washing machine pythagorean cup.webm,Wikimedia Commons,https://commons.wikimedia.org/wiki/File:Aerra%27s_Films_of_the_Ordinary_XV_--_Washing_machine_pythagorean_cup.webm,Aerra Carnicom,CC BY-SA 4.0,development_candidate,pass,retain_for_human_review,maintenance,yes,"A hand is pouring liquid from a measuring cup into a detergent compartment of a white appliance. The appliance has labeled compartments and a 'Start/Pause' button, consistent with a washing machine. The action is clearly maintenance-related, specifically adding detergent.",,data_video/review/candidate_frames/washing-009/sample_01.jpg|data_video/review/candidate_frames/washing-009/sample_02.jpg|data_video/review/candidate_frames/washing-009/sample_03.jpg|data_video/review/candidate_frames/washing-009/sample_04.jpg|data_video/review/candidate_frames/washing-009/sample_05.jpg,normal,,R1,pending,pending,,,,,,,pending,pending,
washing-010,full_positive_review,Washing Machine,Washing Machine,The Dancing Washing Machine from Videocon India.webm,Wikimedia Commons,https://commons.wikimedia.org/wiki/File:The_Dancing_Washing_Machine_from_Videocon_India.webm,SGMaheshwari,CC BY 3.0,development_candidate,pass,retain_for_human_review,setup,yes,"A front-loading washing machine is visible in a laundry area, with hoses and water connections nearby, suggesting setup or maintenance. The machine's control panel is visible in some frames.",,data_video/review/candidate_frames/washing-010/sample_01.jpg|data_video/review/candidate_frames/washing-010/sample_02.jpg|data_video/review/candidate_frames/washing-010/sample_03.jpg|data_video/review/candidate_frames/washing-010/sample_04.jpg|data_video/review/candidate_frames/washing-010/sample_05.jpg,normal,,R1,pending,pending,,,,,,,pending,pending,
washing-011,full_positive_review,Washing Machine,Washing Machine,Crazy Asko washing machine.webm,Wikimedia Commons,https://commons.wikimedia.org/wiki/File:Crazy_Asko_washing_machine.webm,seethroughwalls,CC BY 3.0,development_candidate,pass,retain_for_human_review,operation,yes,"A front-loading washing machine is shown with its drum visibly rotating, indicating it is in operation during a wash cycle.",,data_video/review/candidate_frames/washing-011/sample_01.jpg|data_video/review/candidate_frames/washing-011/sample_02.jpg|data_video/review/candidate_frames/washing-011/sample_03.jpg|data_video/review/candidate_frames/washing-011/sample_04.jpg|data_video/review/candidate_frames/washing-011/sample_05.jpg,normal,,R1,pending,pending,,,,,,,pending,pending,
espresso-014,rejected_audit_sample,Espresso Machine,uncertain,Kaffe - Ystad-2024.ogg,Wikimedia Commons,https://commons.wikimedia.org/wiki/File:Kaffe_-_Ystad-2024.ogg,Foto: Jonn Leffmann,CC BY 3.0,development_candidate,pass,reject_out_of_scope,uncertain,no,A coffee roaster with beans being tumbled inside a large drum. A hand briefly enters the frame.,,data_video/review/candidate_frames/espresso-014/sample_01.jpg|data_video/review/candidate_frames/espresso-014/sample_02.jpg|data_video/review/candidate_frames/espresso-014/sample_03.jpg|data_video/review/candidate_frames/espresso-014/sample_04.jpg|data_video/review/candidate_frames/espresso-014/sample_05.jpg,audit,predicted_class_mismatch|no_visible_functional_step|sampled_ai_rejection,R1,pending,pending,,,,,,,pending,pending,
pressure-003,rejected_audit_sample,Pressure Cooker,uncertain,Secretaria Na Cozinha- Feijoada leve.webm,Wikimedia Commons,https://commons.wikimedia.org/wiki/File:Secretaria_Na_Cozinha-_Feijoada_leve.webm,agriculturasp,CC BY 3.0,source_disjoint_test_candidate,pass,reject_out_of_scope,operation,yes,"Frames show ingredients being prepared and cooked in a pot on a stovetop, including adding oil and vegetables. No pressure-cooking hardware or controls are visible.",,data_video/review/candidate_frames/pressure-003/sample_01.jpg|data_video/review/candidate_frames/pressure-003/sample_02.jpg|data_video/review/candidate_frames/pressure-003/sample_03.jpg|data_video/review/candidate_frames/pressure-003/sample_04.jpg|data_video/review/candidate_frames/pressure-003/sample_05.jpg,audit,predicted_class_mismatch|sampled_ai_rejection,R1,pending,pending,,,,,,,pending,pending,
printer-007,rejected_audit_sample,Printer,uncertain,Wikipedia - 25 years of humanity at its best.webm,Wikimedia Commons,https://commons.wikimedia.org/wiki/File:Wikipedia_-_25_years_of_humanity_at_its_best.webm,"Victor Grigas, Wikimedia Foundation",CC BY-SA 4.0,development_candidate,pass,reject_out_of_scope,irrelevant,no,"Frames show a person speaking via video call, a lava flow, server racks, and another person speaking. No printer or related printing activity is visible.",,data_video/review/candidate_frames/printer-007/sample_01.jpg|data_video/review/candidate_frames/printer-007/sample_02.jpg|data_video/review/candidate_frames/printer-007/sample_03.jpg|data_video/review/candidate_frames/printer-007/sample_04.jpg|data_video/review/candidate_frames/printer-007/sample_05.jpg,audit,predicted_class_mismatch|no_visible_functional_step|sampled_ai_rejection,R1,pending,pending,,,,,,,pending,pending,
vacuum-021,rejected_audit_sample,Vacuum,uncertain,Observation-of-Live-Ticks-(Haemaphysalis-flava)-by-Scanning-Electron-Microscopy-under-High-Vacuum-pone.0032676.s002.ogv,Wikimedia Commons,https://commons.wikimedia.org/wiki/File:Observation-of-Live-Ticks-(Haemaphysalis-flava)-by-Scanning-Electron-Microscopy-under-High-Vacuum-pone.0032676.s002.ogv,"Ishigaki Y, Nakamura Y, Oikawa Y, Yano Y, Kuwabata S, Nakagawa H, Tomosugi N, Takegami T",CC BY 2.5,development_candidate,pass,reject_out_of_scope,irrelevant,no,"Frames show scanning electron microscope images of ticks, with a brief shot of a gloved hand holding a small object over a petri dish. No vacuum cleaner or related components are visible.",,data_video/review/candidate_frames/vacuum-021/sample_01.jpg|data_video/review/candidate_frames/vacuum-021/sample_02.jpg|data_video/review/candidate_frames/vacuum-021/sample_03.jpg|data_video/review/candidate_frames/vacuum-021/sample_04.jpg|data_video/review/candidate_frames/vacuum-021/sample_05.jpg,audit,predicted_class_mismatch|no_visible_functional_step|sampled_ai_rejection,R1,pending,pending,,,,,,,pending,pending,
washing-006,rejected_audit_sample,Washing Machine,uncertain,Crouzet 82432 Timer Motor.webm,Wikimedia Commons,https://commons.wikimedia.org/wiki/File:Crouzet_82432_Timer_Motor.webm,Maximilian Schönherr,CC BY-SA 4.0,source_disjoint_test_candidate,pass,reject_out_of_scope,component_overview,no,"A small, circular motor with wires and connectors is shown on a dark surface. The object appears to be a component, possibly from an appliance, but no specific appliance or its operation is visible.",,data_video/review/candidate_frames/washing-006/sample_01.jpg|data_video/review/candidate_frames/washing-006/sample_02.jpg|data_video/review/candidate_frames/washing-006/sample_03.jpg|data_video/review/candidate_frames/washing-006/sample_04.jpg|data_video/review/candidate_frames/washing-006/sample_05.jpg,audit,predicted_class_mismatch|no_visible_functional_step|sampled_ai_rejection,R1,pending,pending,,,,,,,pending,pending,
washing-015,rejected_audit_sample,Washing Machine,uncertain,Police K9 Catches His First Suspect & Makes Him Scream In Pain!.webm,Wikimedia Commons,https://commons.wikimedia.org/wiki/File:Police_K9_Catches_His_First_Suspect_%26_Makes_Him_Scream_In_Pain!.webm,VCSO,Public domain,development_candidate,pass,reject_out_of_scope,irrelevant,no,"Frames show a police K9 unit, a residential yard, and a dog being handled by a person. No washing machine or related activity is visible.",,data_video/review/candidate_frames/washing-015/sample_01.jpg|data_video/review/candidate_frames/washing-015/sample_02.jpg|data_video/review/candidate_frames/washing-015/sample_03.jpg|data_video/review/candidate_frames/washing-015/sample_04.jpg|data_video/review/candidate_frames/washing-015/sample_05.jpg,audit,predicted_class_mismatch|no_visible_functional_step|sampled_ai_rejection,R1,pending,pending,,,,,,,pending,pending,
washing-017,rejected_audit_sample,Washing Machine,uncertain,Wuppertal - Zoo - Loxodonta africana 04 (1) ies.webm,Wikimedia Commons,https://commons.wikimedia.org/wiki/File:Wuppertal_-_Zoo_-_Loxodonta_africana_04_(1)_ies.webm,Frank Vincentz,CC BY-SA 3.0,development_candidate,pass,reject_out_of_scope,irrelevant,no,"Elephants are being washed by humans using hoses in an enclosure. The activity is clearly animal care, not household product operation.",,data_video/review/candidate_frames/washing-017/sample_01.jpg|data_video/review/candidate_frames/washing-017/sample_02.jpg|data_video/review/candidate_frames/washing-017/sample_03.jpg|data_video/review/candidate_frames/washing-017/sample_04.jpg|data_video/review/candidate_frames/washing-017/sample_05.jpg,audit,predicted_class_mismatch|no_visible_functional_step|sampled_ai_rejection,R1,pending,pending,,,,,,,pending,pending,
washing-019,rejected_audit_sample,Washing Machine,uncertain,Kärcher K3.550 pressure washing using a Dirtblaster wand attachment.webm,Wikimedia Commons,https://commons.wikimedia.org/wiki/File:K%C3%A4rcher_K3.550_pressure_washing_using_a_Dirtblaster_wand_attachment.webm,Pondguru Edited down from the original by Veikk0.ma,CC BY 3.0,development_candidate,pass,reject_out_of_scope,irrelevant,no,"Frames show a pressure washer nozzle cleaning stone pavers, with water spray and dirt being removed. The device is clearly a pressure washer, not a washing machine.",,data_video/review/candidate_frames/washing-019/sample_01.jpg|data_video/review/candidate_frames/washing-019/sample_02.jpg|data_video/review/candidate_frames/washing-019/sample_03.jpg|data_video/review/candidate_frames/washing-019/sample_04.jpg|data_video/review/candidate_frames/washing-019/sample_05.jpg,audit,predicted_class_mismatch|no_visible_functional_step|sampled_ai_rejection,R1,pending,pending,,,,,,,pending,pending,
washing-027,rejected_audit_sample,Washing Machine,uncertain,SPINNING SLINKY - Punjabi.webm,Wikimedia Commons,https://commons.wikimedia.org/wiki/File:SPINNING_SLINKY_-_Punjabi.webm,Arvind Gupta,CC BY 3.0,development_candidate,pass,reject_out_of_scope,uncertain,no,"Frames show a hand assembling a toy with a wooden stick, a green spiral, and a small fan-like structure. The text overlays suggest it's a DIY toy project, not a household appliance.",,data_video/review/candidate_frames/washing-027/sample_01.jpg|data_video/review/candidate_frames/washing-027/sample_02.jpg|data_video/review/candidate_frames/washing-027/sample_03.jpg|data_video/review/candidate_frames/washing-027/sample_04.jpg|data_video/review/candidate_frames/washing-027/sample_05.jpg,audit,predicted_class_mismatch|no_visible_functional_step|sampled_ai_rejection,R1,pending,pending,,,,,,,pending,pending,
