record_id,product_class,title,source_platform,candidate_split,local_path,source_sha256,receipt_sha256,bytes,duration_seconds,fps,width,height,video_codec,audio_present,sample_frame_paths,sample_frame_count,duplicate_of,technical_decision,technical_reasons,content_decision,content_reason,screened_at
espresso-004,Espresso Machine,Der perfekte Espresso aus dem Siebträger.ogv,Wikimedia Commons,source_disjoint_test_candidate,data_video/raw/candidate_sources/espresso-004.webm,cd09ba95b536437322a1bc161abbcb32281b8e1fe4ec0fb849542d39ff9e302d,cd09ba95b536437322a1bc161abbcb32281b8e1fe4ec0fb849542d39ff9e302d,3911342,88.680,23.98,854,480,vp9,yes,data_video/review/candidate_frames/espresso-004/sample_01.jpg|data_video/review/candidate_frames/espresso-004/sample_02.jpg|data_video/review/candidate_frames/espresso-004/sample_03.jpg|data_video/review/candidate_frames/espresso-004/sample_04.jpg|data_video/review/candidate_frames/espresso-004/sample_05.jpg,5,,pass,,pending,,2026-07-21T10:52:51.116400+00:00
espresso-005,Espresso Machine,"Morning Espresso Routine - Progress, Results, Observations and Miscellany.webm",Wikimedia Commons,source_disjoint_test_candidate,data_video/raw/candidate_sources/espresso-005.webm,bc21ca95d53ebc6e89bc0bda6c15f03e0e842ad4c4ca4302439a52377c5d2ea7,bc21ca95d53ebc6e89bc0bda6c15f03e0e842ad4c4ca4302439a52377c5d2ea7,3657231,55.870,29.97,854,480,vp9,yes,data_video/review/candidate_frames/espresso-005/sample_01.jpg|data_video/review/candidate_frames/espresso-005/sample_02.jpg|data_video/review/candidate_frames/espresso-005/sample_03.jpg|data_video/review/candidate_frames/espresso-005/sample_04.jpg|data_video/review/candidate_frames/espresso-005/sample_05.jpg,5,,pass,,pending,,2026-07-21T10:52:54.415762+00:00
espresso-006,Espresso Machine,Приготовление макиато.webm,Wikimedia Commons,source_disjoint_test_candidate,data_video/raw/candidate_sources/espresso-006.webm,28a7eb41cf5436c8f07326544cbe26283ca15b734221be1bcaa8da46ddcd3fb4,28a7eb41cf5436c8f07326544cbe26283ca15b734221be1bcaa8da46ddcd3fb4,996224,49.410,25.0,388,480,vp9,yes,data_video/review/candidate_frames/espresso-006/sample_01.jpg|data_video/review/candidate_frames/espresso-006/sample_02.jpg|data_video/review/candidate_frames/espresso-006/sample_03.jpg|data_video/review/candidate_frames/espresso-006/sample_04.jpg|data_video/review/candidate_frames/espresso-006/sample_05.jpg,5,,pass,,pending,,2026-07-21T10:52:57.255998+00:00
espresso-007,Espresso Machine,Kahvin tiputtelu Moccamasterilla.webm,Wikimedia Commons,development_candidate,data_video/raw/candidate_sources/espresso-007.webm,2b841eb8885058710db70bb4b300c5129b82bec6a36573c9692c4942862de03b,2b841eb8885058710db70bb4b300c5129b82bec6a36573c9692c4942862de03b,14014717,259.810,25.0,854,480,vp9,yes,data_video/review/candidate_frames/espresso-007/sample_01.jpg|data_video/review/candidate_frames/espresso-007/sample_02.jpg|data_video/review/candidate_frames/espresso-007/sample_03.jpg|data_video/review/candidate_frames/espresso-007/sample_04.jpg|data_video/review/candidate_frames/espresso-007/sample_05.jpg,5,,pass,,pending,,2026-07-21T10:53:00.821610+00:00
espresso-008,Espresso Machine,"Machine à café à l'hôtel de la Cloche (Dole, Jura, France).webm",Wikimedia Commons,development_candidate,data_video/raw/candidate_sources/espresso-008.webm,751d98992d4fefbae1320347c13336b302194c681bc6f275451efba45f8041b8,751d98992d4fefbae1320347c13336b302194c681bc6f275451efba45f8041b8,1254486,60.800,600.0,854,480,vp9,yes,data_video/review/candidate_frames/espresso-008/sample_01.jpg|data_video/review/candidate_frames/espresso-008/sample_02.jpg|data_video/review/candidate_frames/espresso-008/sample_03.jpg|data_video/review/candidate_frames/espresso-008/sample_04.jpg|data_video/review/candidate_frames/espresso-008/sample_05.jpg,5,,pass,,pending,,2026-07-21T10:53:03.792021+00:00
espresso-009,Espresso Machine,Tassimo coffee system.webm,Wikimedia Commons,development_candidate,data_video/raw/candidate_sources/espresso-009.webm,8f6db2a60da5b7ef3c596daefa5347b8ef153a7225720e25d70f1d0b9e2ece09,8f6db2a60da5b7ef3c596daefa5347b8ef153a7225720e25d70f1d0b9e2ece09,8044347,83.820,30.0,854,480,vp9,yes,data_video/review/candidate_frames/espresso-009/sample_01.jpg|data_video/review/candidate_frames/espresso-009/sample_02.jpg|data_video/review/candidate_frames/espresso-009/sample_03.jpg|data_video/review/candidate_frames/espresso-009/sample_04.jpg|data_video/review/candidate_frames/espresso-009/sample_05.jpg,5,,pass,,pending,,2026-07-21T10:53:09.249518+00:00
espresso-010,Espresso Machine,The bean that could save coffee from climate change.webm,Wikimedia Commons,development_candidate,data_video/raw/candidate_sources/espresso-010.webm,7b0827187222876c5df24dd8299145df2a4029166861519412c6804c95a1bc14,7b0827187222876c5df24dd8299145df2a4029166861519412c6804c95a1bc14,66945325,672.380,25.0,854,480,vp9,yes,data_video/review/candidate_frames/espresso-010/sample_01.jpg|data_video/review/candidate_frames/espresso-010/sample_02.jpg|data_video/review/candidate_frames/espresso-010/sample_03.jpg|data_video/review/candidate_frames/espresso-010/sample_04.jpg|data_video/review/candidate_frames/espresso-010/sample_05.jpg,5,,pass,,pending,,2026-07-21T10:53:13.156551+00:00
espresso-011,Espresso Machine,I Am CDC - Amanda MacGurn.webm,Wikimedia Commons,development_candidate,data_video/raw/candidate_sources/espresso-011.webm,e75ea656d656ee0f21da2b0a3092ca6d514afdd97b6c8d9040760c7b04bd9e3e,e75ea656d656ee0f21da2b0a3092ca6d514afdd97b6c8d9040760c7b04bd9e3e,7616256,90.990,29.97,854,480,vp9,yes,data_video/review/candidate_frames/espresso-011/sample_01.jpg|data_video/review/candidate_frames/espresso-011/sample_02.jpg|data_video/review/candidate_frames/espresso-011/sample_03.jpg|data_video/review/candidate_frames/espresso-011/sample_04.jpg|data_video/review/candidate_frames/espresso-011/sample_05.jpg,5,,pass,,pending,,2026-07-21T10:53:15.680188+00:00
espresso-012,Espresso Machine,Know Your Crew...Four!.webm,Wikimedia Commons,development_candidate,data_video/raw/candidate_sources/espresso-012.webm,218d5a644db47689a43a1e83df7deb25b4751574b3a7d9b17b1f26f98d95a9b0,218d5a644db47689a43a1e83df7deb25b4751574b3a7d9b17b1f26f98d95a9b0,42275586,261.490,59.94,854,480,vp9,yes,data_video/review/candidate_frames/espresso-012/sample_01.jpg|data_video/review/candidate_frames/espresso-012/sample_02.jpg|data_video/review/candidate_frames/espresso-012/sample_03.jpg|data_video/review/candidate_frames/espresso-012/sample_04.jpg|data_video/review/candidate_frames/espresso-012/sample_05.jpg,5,,pass,,pending,,2026-07-21T10:53:19.229285+00:00
espresso-013,Espresso Machine,Latte art flower - 01.ogv,Wikimedia Commons,development_candidate,data_video/raw/candidate_sources/espresso-013.webm,bef3095371f97f37ed0f05bff7d509fa08fa978f61db820ab6da747dcb30b91c,bef3095371f97f37ed0f05bff7d509fa08fa978f61db820ab6da747dcb30b91c,3901717,24.400,29.97,720,480,vp9,yes,data_video/review/candidate_frames/espresso-013/sample_01.jpg|data_video/review/candidate_frames/espresso-013/sample_02.jpg|data_video/review/candidate_frames/espresso-013/sample_03.jpg|data_video/review/candidate_frames/espresso-013/sample_04.jpg|data_video/review/candidate_frames/espresso-013/sample_05.jpg,5,,pass,,pending,,2026-07-21T10:53:22.520155+00:00
espresso-014,Espresso Machine,Kaffe - Ystad-2024.ogg,Wikimedia Commons,development_candidate,data_video/raw/candidate_sources/espresso-014.webm,2bda209bde873040f52dcbad2b6c69afb126b0d15a4ef9b6505457d63c49f8c1,2bda209bde873040f52dcbad2b6c69afb126b0d15a4ef9b6505457d63c49f8c1,1234546,9.040,30.0,854,480,vp9,yes,data_video/review/candidate_frames/espresso-014/sample_01.jpg|data_video/review/candidate_frames/espresso-014/sample_02.jpg|data_video/review/candidate_frames/espresso-014/sample_03.jpg|data_video/review/candidate_frames/espresso-014/sample_04.jpg|data_video/review/candidate_frames/espresso-014/sample_05.jpg,5,,pass,,pending,,2026-07-21T10:53:28.113495+00:00
espresso-015,Espresso Machine,Morning Espresso Routine (abridged version).webm,Wikimedia Commons,development_candidate,data_video/raw/candidate_sources/espresso-015.webm,26b894a7ce6689345efe2f8373c7d8201b3c4f89696f01d551b76ad539e5370e,26b894a7ce6689345efe2f8373c7d8201b3c4f89696f01d551b76ad539e5370e,3156537,43.150,29.97,854,480,vp9,yes,data_video/review/candidate_frames/espresso-015/sample_01.jpg|data_video/review/candidate_frames/espresso-015/sample_02.jpg|data_video/review/candidate_frames/espresso-015/sample_03.jpg|data_video/review/candidate_frames/espresso-015/sample_04.jpg|data_video/review/candidate_frames/espresso-015/sample_05.jpg,5,,pass,,pending,,2026-07-21T10:53:31.294051+00:00
espresso-016,Espresso Machine,Sunday Morning Espresso Routine - Grind + distribute + tamp + extraction (15-Second Abridged Version).webm,Wikimedia Commons,development_candidate,data_video/raw/candidate_sources/espresso-016.webm,750ac463f30e74acc91ab8d02c96658107c86a822edb18a538124c5d561f0c31,750ac463f30e74acc91ab8d02c96658107c86a822edb18a538124c5d561f0c31,1314662,16.120,29.97,854,480,vp9,yes,data_video/review/candidate_frames/espresso-016/sample_01.jpg|data_video/review/candidate_frames/espresso-016/sample_02.jpg|data_video/review/candidate_frames/espresso-016/sample_03.jpg|data_video/review/candidate_frames/espresso-016/sample_04.jpg|data_video/review/candidate_frames/espresso-016/sample_05.jpg,5,,pass,,pending,,2026-07-21T10:53:34.460021+00:00
pressure-002,Pressure Cooker,Home Made Alcohol Pressure Cooker Modification.webm,Wikimedia Commons,source_disjoint_test_candidate,data_video/raw/candidate_sources/pressure-002.webm,b9d041b14bb39f96c9fecc20314dde30d8a98f6584690d0abb6a44b5ac44f9c5,b9d041b14bb39f96c9fecc20314dde30d8a98f6584690d0abb6a44b5ac44f9c5,43517150,374.190,30.0,640,360,vp8,yes,data_video/review/candidate_frames/pressure-002/sample_01.jpg|data_video/review/candidate_frames/pressure-002/sample_02.jpg|data_video/review/candidate_frames/pressure-002/sample_03.jpg|data_video/review/candidate_frames/pressure-002/sample_04.jpg|data_video/review/candidate_frames/pressure-002/sample_05.jpg,5,,pass,,pending,,2026-07-21T10:53:36.653608+00:00
pressure-003,Pressure Cooker,Secretaria Na Cozinha- Feijoada leve.webm,Wikimedia Commons,source_disjoint_test_candidate,data_video/raw/candidate_sources/pressure-003.webm,c1c89fbee5273c0e452cd1d30a91c881a187376347b0a76eb153596003776613,c1c89fbee5273c0e452cd1d30a91c881a187376347b0a76eb153596003776613,14727235,165.620,24.0,854,480,vp9,yes,data_video/review/candidate_frames/pressure-003/sample_01.jpg|data_video/review/candidate_frames/pressure-003/sample_02.jpg|data_video/review/candidate_frames/pressure-003/sample_03.jpg|data_video/review/candidate_frames/pressure-003/sample_04.jpg|data_video/review/candidate_frames/pressure-003/sample_05.jpg,5,,pass,,pending,,2026-07-21T10:53:40.375274+00:00
printer-002,Printer,UV inkjet printing on letter box.ogv,Wikimedia Commons,source_disjoint_test_candidate,data_video/raw/candidate_sources/printer-002.webm,38923a075a905fbb31bb499672ce87437f4413f0c5e24da95e28706757770743,38923a075a905fbb31bb499672ce87437f4413f0c5e24da95e28706757770743,5430637,60.030,29.97,600,480,vp9,no,data_video/review/candidate_frames/printer-002/sample_01.jpg|data_video/review/candidate_frames/printer-002/sample_02.jpg|data_video/review/candidate_frames/printer-002/sample_03.jpg|data_video/review/candidate_frames/printer-002/sample_04.jpg|data_video/review/candidate_frames/printer-002/sample_05.jpg,5,,pass,,pending,,2026-07-21T10:53:44.588097+00:00
printer-003,Printer,"Electronica 2025, Bangalore International Exhibition Centre, 16.webm",Wikimedia Commons,source_disjoint_test_candidate,data_video/raw/candidate_sources/printer-003.webm,6c2dece9f5027bb67bcf168b9cb516833b02f05c52696d07dcd43a492a9cb24f,6c2dece9f5027bb67bcf168b9cb516833b02f05c52696d07dcd43a492a9cb24f,11608308,95.430,30.0,854,480,vp9,yes,data_video/review/candidate_frames/printer-003/sample_01.jpg|data_video/review/candidate_frames/printer-003/sample_02.jpg|data_video/review/candidate_frames/printer-003/sample_03.jpg|data_video/review/candidate_frames/printer-003/sample_04.jpg|data_video/review/candidate_frames/printer-003/sample_05.jpg,5,,pass,,pending,,2026-07-21T10:53:50.824466+00:00
printer-004,Printer,NIOSH Scientists Investigating Pollution From Office Equipment.webm,Wikimedia Commons,source_disjoint_test_candidate,data_video/raw/candidate_sources/printer-004.webm,24137c79f6c64e5d8a5c0b09a9345406691c780c293d67f432f7be0a708b502f,24137c79f6c64e5d8a5c0b09a9345406691c780c293d67f432f7be0a708b502f,1973765,72.510,29.97,854,480,vp9,yes,data_video/review/candidate_frames/printer-004/sample_01.jpg|data_video/review/candidate_frames/printer-004/sample_02.jpg|data_video/review/candidate_frames/printer-004/sample_03.jpg|data_video/review/candidate_frames/printer-004/sample_04.jpg|data_video/review/candidate_frames/printer-004/sample_05.jpg,5,,pass,,pending,,2026-07-21T10:53:53.259415+00:00
printer-005,Printer,Space Station Live- 3-D Printing on the Station.webm,Wikimedia Commons,development_candidate,data_video/raw/candidate_sources/printer-005.webm,9f1caf039bc3ddcb9dd4cc2b94404ff20150e2e7ed7a85ac012bd1b4515d22ce,9f1caf039bc3ddcb9dd4cc2b94404ff20150e2e7ed7a85ac012bd1b4515d22ce,49979276,443.030,29.97,854,480,vp9,yes,data_video/review/candidate_frames/printer-005/sample_01.jpg|data_video/review/candidate_frames/printer-005/sample_02.jpg|data_video/review/candidate_frames/printer-005/sample_03.jpg|data_video/review/candidate_frames/printer-005/sample_04.jpg|data_video/review/candidate_frames/printer-005/sample_05.jpg,5,,pass,,pending,,2026-07-21T10:53:58.121709+00:00
printer-006,Printer,FALHA DO CARTUCHO DE TINTA - O QUE FAZER.webm,Wikimedia Commons,development_candidate,data_video/raw/candidate_sources/printer-006.webm,e8e2ae0c31768243fd1d36391db1738a6c68bf9a707e0eba03ae8a8327048e25,e8e2ae0c31768243fd1d36391db1738a6c68bf9a707e0eba03ae8a8327048e25,12274015,155.740,29.97,854,480,vp9,yes,data_video/review/candidate_frames/printer-006/sample_01.jpg|data_video/review/candidate_frames/printer-006/sample_02.jpg|data_video/review/candidate_frames/printer-006/sample_03.jpg|data_video/review/candidate_frames/printer-006/sample_04.jpg|data_video/review/candidate_frames/printer-006/sample_05.jpg,5,,pass,,pending,,2026-07-21T10:54:00.797736+00:00
printer-007,Printer,Wikipedia - 25 years of humanity at its best.webm,Wikimedia Commons,development_candidate,data_video/raw/candidate_sources/printer-007.webm,5e25de418413a8169beca28177b1021c8910558e59c51ff98b26371c3a98fbaf,5e25de418413a8169beca28177b1021c8910558e59c51ff98b26371c3a98fbaf,34641727,235.570,60.0,854,480,vp9,yes,data_video/review/candidate_frames/printer-007/sample_01.jpg|data_video/review/candidate_frames/printer-007/sample_02.jpg|data_video/review/candidate_frames/printer-007/sample_03.jpg|data_video/review/candidate_frames/printer-007/sample_04.jpg|data_video/review/candidate_frames/printer-007/sample_05.jpg,5,,pass,,pending,,2026-07-21T10:54:03.904137+00:00
printer-008,Printer,Space Station Live- Setting up a Machine Shop in Space.webm,Wikimedia Commons,development_candidate,data_video/raw/candidate_sources/printer-008.webm,59cb92c6666c9afed64f8f02b361e00518b6bb382f0853116fead449249dba54,59cb92c6666c9afed64f8f02b361e00518b6bb382f0853116fead449249dba54,38897032,375.260,29.97,854,480,vp9,yes,data_video/review/candidate_frames/printer-008/sample_01.jpg|data_video/review/candidate_frames/printer-008/sample_02.jpg|data_video/review/candidate_frames/printer-008/sample_03.jpg|data_video/review/candidate_frames/printer-008/sample_04.jpg|data_video/review/candidate_frames/printer-008/sample_05.jpg,5,,pass,,pending,,2026-07-21T10:54:07.700310+00:00
printer-009,Printer,Space Station Live- Space-Made Presents Unboxed.webm,Wikimedia Commons,development_candidate,data_video/raw/candidate_sources/printer-009.webm,99da10081f05698cfc6f4794f046d8944225938a30c798dbf8bd70ca0a789e6d,99da10081f05698cfc6f4794f046d8944225938a30c798dbf8bd70ca0a789e6d,35048336,325.810,29.97,854,480,vp9,yes,data_video/review/candidate_frames/printer-009/sample_01.jpg|data_video/review/candidate_frames/printer-009/sample_02.jpg|data_video/review/candidate_frames/printer-009/sample_03.jpg|data_video/review/candidate_frames/printer-009/sample_04.jpg|data_video/review/candidate_frames/printer-009/sample_05.jpg,5,,pass,,pending,,2026-07-21T10:54:12.704029+00:00
printer-010,Printer,Space Station Live- Update on 3-D Printing in Space.webm,Wikimedia Commons,development_candidate,data_video/raw/candidate_sources/printer-010.webm,0797f8ac4a4cceff2f2754a9f6d9ce522247f6fef5d34857b3b598ec4c290f49,0797f8ac4a4cceff2f2754a9f6d9ce522247f6fef5d34857b3b598ec4c290f49,21850095,201.780,29.97,854,480,vp9,yes,data_video/review/candidate_frames/printer-010/sample_01.jpg|data_video/review/candidate_frames/printer-010/sample_02.jpg|data_video/review/candidate_frames/printer-010/sample_03.jpg|data_video/review/candidate_frames/printer-010/sample_04.jpg|data_video/review/candidate_frames/printer-010/sample_05.jpg,5,,pass,,pending,,2026-07-21T10:54:16.649371+00:00
vacuum-003,Vacuum,Robot vacuum cleaner - Japan - 2024 June 24.webm,Wikimedia Commons,source_disjoint_test_candidate,data_video/raw/candidate_sources/vacuum-003.webm,ff8f173e2e3570c158950b184f1570c65017ac86638bfe595c216fb574206216,ff8f173e2e3570c158950b184f1570c65017ac86638bfe595c216fb574206216,1537728,15.460,25.0,854,480,vp9,yes,data_video/review/candidate_frames/vacuum-003/sample_01.jpg|data_video/review/candidate_frames/vacuum-003/sample_02.jpg|data_video/review/candidate_frames/vacuum-003/sample_03.jpg|data_video/review/candidate_frames/vacuum-003/sample_04.jpg|data_video/review/candidate_frames/vacuum-003/sample_05.jpg,5,,pass,,pending,,2026-07-21T10:54:20.598576+00:00
vacuum-004,Vacuum,Staubsauger Henry Plus! 170 Breakdown.webm,Wikimedia Commons,source_disjoint_test_candidate,data_video/raw/candidate_sources/vacuum-004.webm,7e1835a2410bdd54a803b8b8d0420e47fc4a01833e34fc8dd6df55f407212b67,7e1835a2410bdd54a803b8b8d0420e47fc4a01833e34fc8dd6df55f407212b67,596721,16.600,30.0,360,480,vp9,no,data_video/review/candidate_frames/vacuum-004/sample_01.jpg|data_video/review/candidate_frames/vacuum-004/sample_02.jpg|data_video/review/candidate_frames/vacuum-004/sample_03.jpg|data_video/review/candidate_frames/vacuum-004/sample_04.jpg|data_video/review/candidate_frames/vacuum-004/sample_05.jpg,5,,pass,,pending,,2026-07-21T10:54:23.449078+00:00
vacuum-005,Vacuum,Armenian Sign Language (ArSL) - փոշեկուլ - vacuum cleaner.webm,Wikimedia Commons,source_disjoint_test_candidate,data_video/raw/candidate_sources/vacuum-005.webm,51c5a35c52e86d82a1df8c481997d65a47f6650a5011e7275602f01b0726b0a8,51c5a35c52e86d82a1df8c481997d65a47f6650a5011e7275602f01b0726b0a8,277153,6.160,25.0,854,480,vp9,no,data_video/review/candidate_frames/vacuum-005/sample_01.jpg|data_video/review/candidate_frames/vacuum-005/sample_02.jpg|data_video/review/candidate_frames/vacuum-005/sample_03.jpg|data_video/review/candidate_frames/vacuum-005/sample_04.jpg|data_video/review/candidate_frames/vacuum-005/sample_05.jpg,5,,fail,file_too_small,not_reviewed,,2026-07-21T10:54:26.411201+00:00
vacuum-006,Vacuum,NASA Lander to Test Vacuum Cleaner on Moon for Sample Collection (Dennis Harris LPV).webm,Wikimedia Commons,development_candidate,data_video/raw/candidate_sources/vacuum-006.webm,2ed56941f9ab04740dfc4bd5f83afaa36199c9652092d63e7be45ce7e6072e16,2ed56941f9ab04740dfc4bd5f83afaa36199c9652092d63e7be45ce7e6072e16,11172082,113.970,29.97,854,480,vp9,yes,data_video/review/candidate_frames/vacuum-006/sample_01.jpg|data_video/review/candidate_frames/vacuum-006/sample_02.jpg|data_video/review/candidate_frames/vacuum-006/sample_03.jpg|data_video/review/candidate_frames/vacuum-006/sample_04.jpg|data_video/review/candidate_frames/vacuum-006/sample_05.jpg,5,,pass,,pending,,2026-07-21T10:54:30.116072+00:00
vacuum-007,Vacuum,Sparking commutator.ogv,Wikimedia Commons,development_candidate,data_video/raw/candidate_sources/vacuum-007.webm,64cc8a36d46c63311ba61c182bc5aa9ae335ada2fb352f9b119ec17a98fc947a,64cc8a36d46c63311ba61c182bc5aa9ae335ada2fb352f9b119ec17a98fc947a,9659280,59.530,50.0,854,480,vp9,yes,data_video/review/candidate_frames/vacuum-007/sample_01.jpg|data_video/review/candidate_frames/vacuum-007/sample_02.jpg|data_video/review/candidate_frames/vacuum-007/sample_03.jpg|data_video/review/candidate_frames/vacuum-007/sample_04.jpg|data_video/review/candidate_frames/vacuum-007/sample_05.jpg,5,,pass,,pending,,2026-07-21T10:54:33.122711+00:00
vacuum-008,Vacuum,A day in the life of NEATO our cleaning bot.webm,Wikimedia Commons,development_candidate,data_video/raw/candidate_sources/vacuum-008.webm,e6cfce931933424bc860fc2b479e33c502523cfdcca85c6ea80280715e2dcb73,e6cfce931933424bc860fc2b479e33c502523cfdcca85c6ea80280715e2dcb73,17553620,123.830,23.97,854,480,vp9,yes,data_video/review/candidate_frames/vacuum-008/sample_01.jpg|data_video/review/candidate_frames/vacuum-008/sample_02.jpg|data_video/review/candidate_frames/vacuum-008/sample_03.jpg|data_video/review/candidate_frames/vacuum-008/sample_04.jpg|data_video/review/candidate_frames/vacuum-008/sample_05.jpg,5,,pass,,pending,,2026-07-21T10:54:36.827538+00:00
vacuum-009,Vacuum,Vacuuming with Snickerdoodle (GEDC2330).webm,Wikimedia Commons,development_candidate,data_video/raw/candidate_sources/vacuum-009.webm,4ec97206c8dcd7b0f7f00b783296cc4672c572e3e2cae3d9759197deeb8b3f17,4ec97206c8dcd7b0f7f00b783296cc4672c572e3e2cae3d9759197deeb8b3f17,7078941,41.540,30.0,854,480,vp9,yes,data_video/review/candidate_frames/vacuum-009/sample_01.jpg|data_video/review/candidate_frames/vacuum-009/sample_02.jpg|data_video/review/candidate_frames/vacuum-009/sample_03.jpg|data_video/review/candidate_frames/vacuum-009/sample_04.jpg|data_video/review/candidate_frames/vacuum-009/sample_05.jpg,5,,pass,,pending,,2026-07-21T10:54:42.220595+00:00
vacuum-010,Vacuum,Vorwerk Kobold VR100 in Zeitraffer im Büro.webm,Wikimedia Commons,development_candidate,data_video/raw/candidate_sources/vacuum-010.webm,637d8034a115214879e048884627f06ccd389c7c04a71c3c081ec08ada5814c3,637d8034a115214879e048884627f06ccd389c7c04a71c3c081ec08ada5814c3,1268065,74.700,25.0,854,480,vp9,yes,data_video/review/candidate_frames/vacuum-010/sample_01.jpg|data_video/review/candidate_frames/vacuum-010/sample_02.jpg|data_video/review/candidate_frames/vacuum-010/sample_03.jpg|data_video/review/candidate_frames/vacuum-010/sample_04.jpg|data_video/review/candidate_frames/vacuum-010/sample_05.jpg,5,,pass,,pending,,2026-07-21T10:54:45.215287+00:00
vacuum-011,Vacuum,Standwerkers hebben hoogste woord tijdens nationaal concours-510005.ogv,Wikimedia Commons,development_candidate,data_video/raw/candidate_sources/vacuum-011.webm,fadac6c91b742b584a12e2897ea2162a4f016e7b10dbc2ba190abccde058ff31,fadac6c91b742b584a12e2897ea2162a4f016e7b10dbc2ba190abccde058ff31,15991890,114.960,25.0,640,480,vp9,yes,data_video/review/candidate_frames/vacuum-011/sample_01.jpg|data_video/review/candidate_frames/vacuum-011/sample_02.jpg|data_video/review/candidate_frames/vacuum-011/sample_03.jpg|data_video/review/candidate_frames/vacuum-011/sample_04.jpg|data_video/review/candidate_frames/vacuum-011/sample_05.jpg,5,,pass,,pending,,2026-07-21T10:54:48.880389+00:00
vacuum-012,Vacuum,Waarom piekuren^ Weeknummer 50-45 - Open Beelden - 30705.ogv,Wikimedia Commons,development_candidate,data_video/raw/candidate_sources/vacuum-012.webm,dee586f10c1e462a1e62977c1651b11d7753c9885e51b6637cf9dd2b5a8c3aa1,dee586f10c1e462a1e62977c1651b11d7753c9885e51b6637cf9dd2b5a8c3aa1,5038033,158.450,25.0,320,240,vp9,yes,data_video/review/candidate_frames/vacuum-012/sample_01.jpg|data_video/review/candidate_frames/vacuum-012/sample_02.jpg|data_video/review/candidate_frames/vacuum-012/sample_03.jpg|data_video/review/candidate_frames/vacuum-012/sample_04.jpg|data_video/review/candidate_frames/vacuum-012/sample_05.jpg,5,,pass,,pending,,2026-07-21T10:54:50.751777+00:00
vacuum-013,Vacuum,"Artemis IV Liquid Oxygen Tank Constructed, Moves to Next Phase of Production (MAF 20260526 CS4 LOX VAC to CellD).webm",Wikimedia Commons,development_candidate,data_video/raw/candidate_sources/vacuum-013.webm,c42d429485ef9398fd195c2db9d82695e7c2c7500636e861aa3cb6645ca58017,c42d429485ef9398fd195c2db9d82695e7c2c7500636e861aa3cb6645ca58017,32632477,213.600,59.94,854,480,vp9,yes,data_video/review/candidate_frames/vacuum-013/sample_01.jpg|data_video/review/candidate_frames/vacuum-013/sample_02.jpg|data_video/review/candidate_frames/vacuum-013/sample_03.jpg|data_video/review/candidate_frames/vacuum-013/sample_04.jpg|data_video/review/candidate_frames/vacuum-013/sample_05.jpg,5,,pass,,pending,,2026-07-21T10:54:59.350014+00:00
vacuum-014,Vacuum,Ivanka Vacuuming.webm,Wikimedia Commons,development_candidate,data_video/raw/candidate_sources/vacuum-014.webm,42c60e65a097292f2dec82ca694056e14eff1bb960e02ef296e76776bc45c36c,42c60e65a097292f2dec82ca694056e14eff1bb960e02ef296e76776bc45c36c,128370,3.600,30.0,270,480,vp9,yes,data_video/review/candidate_frames/vacuum-014/sample_01.jpg|data_video/review/candidate_frames/vacuum-014/sample_02.jpg|data_video/review/candidate_frames/vacuum-014/sample_03.jpg|data_video/review/candidate_frames/vacuum-014/sample_04.jpg|data_video/review/candidate_frames/vacuum-014/sample_05.jpg,5,,fail,file_too_small|resolution_too_low,not_reviewed,,2026-07-21T10:55:01.618892+00:00
vacuum-015,Vacuum,STORIE Thermal Vacuum Test at NASA Goddard Space Flight Center (SVS14874 060925 TVAC-Part1 4K YouTube).webm,Wikimedia Commons,development_candidate,data_video/raw/candidate_sources/vacuum-015.webm,921f42a126c5561195784b97f2a8796829bca6e4ce2a5ec837954347be272cd3,921f42a126c5561195784b97f2a8796829bca6e4ce2a5ec837954347be272cd3,25861472,292.980,29.97,854,480,vp9,yes,data_video/review/candidate_frames/vacuum-015/sample_01.jpg|data_video/review/candidate_frames/vacuum-015/sample_02.jpg|data_video/review/candidate_frames/vacuum-015/sample_03.jpg|data_video/review/candidate_frames/vacuum-015/sample_04.jpg|data_video/review/candidate_frames/vacuum-015/sample_05.jpg,5,,pass,,pending,,2026-07-21T10:55:08.997093+00:00
vacuum-016,Vacuum,STORIE Thermal Vacuum Test at NASA Goddard Space Flight Center (SVS14874 061025 TVAC-Part2 4K YouTube).webm,Wikimedia Commons,development_candidate,data_video/raw/candidate_sources/vacuum-016.webm,76497290c75f8f27c0cdff6676c7ac564be2b63ac45f1f132296dd7c533463f2,76497290c75f8f27c0cdff6676c7ac564be2b63ac45f1f132296dd7c533463f2,51749068,571.830,29.97,854,480,vp9,yes,data_video/review/candidate_frames/vacuum-016/sample_01.jpg|data_video/review/candidate_frames/vacuum-016/sample_02.jpg|data_video/review/candidate_frames/vacuum-016/sample_03.jpg|data_video/review/candidate_frames/vacuum-016/sample_04.jpg|data_video/review/candidate_frames/vacuum-016/sample_05.jpg,5,,pass,,pending,,2026-07-21T10:55:13.702221+00:00
vacuum-017,Vacuum,Alabama Rally Against Injustice protest in Hoover 6-6-20.webm,Wikimedia Commons,development_candidate,data_video/raw/candidate_sources/vacuum-017.webm,c3a338caae9912fda30b240ca140d2c96832f7d5cfa8ad3952512dbea55ff0b2,c3a338caae9912fda30b240ca140d2c96832f7d5cfa8ad3952512dbea55ff0b2,18172672,105.930,29.97,854,480,vp9,yes,data_video/review/candidate_frames/vacuum-017/sample_01.jpg|data_video/review/candidate_frames/vacuum-017/sample_02.jpg|data_video/review/candidate_frames/vacuum-017/sample_03.jpg|data_video/review/candidate_frames/vacuum-017/sample_04.jpg|data_video/review/candidate_frames/vacuum-017/sample_05.jpg,5,,pass,,pending,,2026-07-21T10:55:19.285895+00:00
vacuum-018,Vacuum,Vacuum Cannon.webm,Wikimedia Commons,development_candidate,data_video/raw/candidate_sources/vacuum-018.webm,2cc0a1c28c1e0ae2c77f5c8e25ad8d7404a8fb52a13037f0a9201b8876660e15,2cc0a1c28c1e0ae2c77f5c8e25ad8d7404a8fb52a13037f0a9201b8876660e15,1018346,22.880,20.0,854,480,vp9,yes,data_video/review/candidate_frames/vacuum-018/sample_01.jpg|data_video/review/candidate_frames/vacuum-018/sample_02.jpg|data_video/review/candidate_frames/vacuum-018/sample_03.jpg|data_video/review/candidate_frames/vacuum-018/sample_04.jpg|data_video/review/candidate_frames/vacuum-018/sample_05.jpg,5,,pass,,pending,,2026-07-21T10:55:23.023926+00:00
vacuum-019,Vacuum,Hoover Grandchildren Playing Outside (31-MP-613).webm,Wikimedia Commons,development_candidate,data_video/raw/candidate_sources/vacuum-019.webm,e1fc6f5cec520beaabc841a190d2cfe77919f6dd5cd2c506dfb606531e5ae792,e1fc6f5cec520beaabc841a190d2cfe77919f6dd5cd2c506dfb606531e5ae792,5229956,138.290,23.98,720,480,vp9,yes,data_video/review/candidate_frames/vacuum-019/sample_01.jpg|data_video/review/candidate_frames/vacuum-019/sample_02.jpg|data_video/review/candidate_frames/vacuum-019/sample_03.jpg|data_video/review/candidate_frames/vacuum-019/sample_04.jpg|data_video/review/candidate_frames/vacuum-019/sample_05.jpg,5,,pass,,pending,,2026-07-21T10:55:25.380460+00:00
vacuum-020,Vacuum,Interview with Nan Hoover by Willem van Weelden.webm,Wikimedia Commons,development_candidate,data_video/raw/candidate_sources/vacuum-020.webm,14f1c00f91e662d0c4efaf016c62ce2acaffdb577013d80cf369fbedd0042ff8,14f1c00f91e662d0c4efaf016c62ce2acaffdb577013d80cf369fbedd0042ff8,128504538,1367.040,25.0,640,480,vp9,yes,data_video/review/candidate_frames/vacuum-020/sample_01.jpg|data_video/review/candidate_frames/vacuum-020/sample_02.jpg|data_video/review/candidate_frames/vacuum-020/sample_03.jpg|data_video/review/candidate_frames/vacuum-020/sample_04.jpg|data_video/review/candidate_frames/vacuum-020/sample_05.jpg,5,,pass,,pending,,2026-07-21T10:55:29.767838+00:00
vacuum-021,Vacuum,Observation-of-Live-Ticks-(Haemaphysalis-flava)-by-Scanning-Electron-Microscopy-under-High-Vacuum-pone.0032676.s002.ogv,Wikimedia Commons,development_candidate,data_video/raw/candidate_sources/vacuum-021.webm,9a9718806713229cc097ba26f26a88a22972669d4be0d12074b4b4af613a71ea,9a9718806713229cc097ba26f26a88a22972669d4be0d12074b4b4af613a71ea,6036687,92.070,29.97,640,480,vp9,yes,data_video/review/candidate_frames/vacuum-021/sample_01.jpg|data_video/review/candidate_frames/vacuum-021/sample_02.jpg|data_video/review/candidate_frames/vacuum-021/sample_03.jpg|data_video/review/candidate_frames/vacuum-021/sample_04.jpg|data_video/review/candidate_frames/vacuum-021/sample_05.jpg,5,,pass,,pending,,2026-07-21T10:55:32.809233+00:00
vacuum-022,Vacuum,Rodin coil - 120 vac = Flying magnets... separating neodymium magnets via Rodin coil (TEST12).webm,Wikimedia Commons,development_candidate,data_video/raw/candidate_sources/vacuum-022.webm,b1dd3036c723289c06c5af0e5ba81fb96aaff5cf85bc508a70f033d243020bbe,b1dd3036c723289c06c5af0e5ba81fb96aaff5cf85bc508a70f033d243020bbe,122309542,599.950,29.97,640,480,vp8,yes,data_video/review/candidate_frames/vacuum-022/sample_01.jpg|data_video/review/candidate_frames/vacuum-022/sample_02.jpg|data_video/review/candidate_frames/vacuum-022/sample_03.jpg|data_video/review/candidate_frames/vacuum-022/sample_04.jpg|data_video/review/candidate_frames/vacuum-022/sample_05.jpg,5,,pass,,pending,,2026-07-21T10:55:35.497190+00:00
vacuum-024,Vacuum,Vacuum fluctuations revealed through spontaneous parametric down-conversion.ogv,Wikimedia Commons,development_candidate,data_video/raw/candidate_sources/vacuum-024.webm,15128f6b695cd5e7d79eb1dfb2ebd4551a9df6637f0da8d9513f6fff74dc5e9d,15128f6b695cd5e7d79eb1dfb2ebd4551a9df6637f0da8d9513f6fff74dc5e9d,423768,8.140,29.97,854,480,vp9,yes,data_video/review/candidate_frames/vacuum-024/sample_01.jpg|data_video/review/candidate_frames/vacuum-024/sample_02.jpg|data_video/review/candidate_frames/vacuum-024/sample_03.jpg|data_video/review/candidate_frames/vacuum-024/sample_04.jpg|data_video/review/candidate_frames/vacuum-024/sample_05.jpg,5,,fail,file_too_small,not_reviewed,,2026-07-21T10:55:38.711388+00:00
vacuum-025,Vacuum,Herbert Hoover video montage.ogv,Wikimedia Commons,development_candidate,data_video/raw/candidate_sources/vacuum-025.webm,e7fadad1ce65577edbd7218cadd0c3d1ec795d06b8941490956d63779d104e7a,e7fadad1ce65577edbd7218cadd0c3d1ec795d06b8941490956d63779d104e7a,1074375,21.560,29.97,320,240,vp9,yes,data_video/review/candidate_frames/vacuum-025/sample_01.jpg|data_video/review/candidate_frames/vacuum-025/sample_02.jpg|data_video/review/candidate_frames/vacuum-025/sample_03.jpg|data_video/review/candidate_frames/vacuum-025/sample_04.jpg|data_video/review/candidate_frames/vacuum-025/sample_05.jpg,5,,pass,,pending,,2026-07-21T10:55:40.612074+00:00
vacuum-026,Vacuum,Vacuum Packaging Machine.webm,Wikimedia Commons,development_candidate,data_video/raw/candidate_sources/vacuum-026.webm,89dba7337966aaae9d8cf4293aa99ad5aca73676e175d1cf5db570660231c9e0,89dba7337966aaae9d8cf4293aa99ad5aca73676e175d1cf5db570660231c9e0,15164916,83.180,29.97,640,360,vp8,no,data_video/review/candidate_frames/vacuum-026/sample_01.jpg|data_video/review/candidate_frames/vacuum-026/sample_02.jpg|data_video/review/candidate_frames/vacuum-026/sample_03.jpg|data_video/review/candidate_frames/vacuum-026/sample_04.jpg|data_video/review/candidate_frames/vacuum-026/sample_05.jpg,5,,pass,,pending,,2026-07-21T10:55:42.623678+00:00
washing-004,Washing Machine,Armenian Sign Language (ArSL) - լվացքի մեքենա - washing machine.webm,Wikimedia Commons,source_disjoint_test_candidate,data_video/raw/candidate_sources/washing-004.webm,965abdb2e3e3c90693c751715094b1a4e3c01165a0ac7521c385104f99fa159f,965abdb2e3e3c90693c751715094b1a4e3c01165a0ac7521c385104f99fa159f,244543,6.240,25.0,854,480,vp9,no,data_video/review/candidate_frames/washing-004/sample_01.jpg|data_video/review/candidate_frames/washing-004/sample_02.jpg|data_video/review/candidate_frames/washing-004/sample_03.jpg|data_video/review/candidate_frames/washing-004/sample_04.jpg|data_video/review/candidate_frames/washing-004/sample_05.jpg,5,,fail,file_too_small,not_reviewed,,2026-07-21T10:55:45.537413+00:00
washing-005,Washing Machine,Bauerntag im Freilichtmuseum Roscheider Hof 2016.webm,Wikimedia Commons,source_disjoint_test_candidate,data_video/raw/candidate_sources/washing-005.webm,579b0cba8eda4052e334ef29e2e90fb073b45846aaa45b409d98e9ce7b780753,579b0cba8eda4052e334ef29e2e90fb073b45846aaa45b409d98e9ce7b780753,52962103,314.380,25.0,854,480,vp9,yes,data_video/review/candidate_frames/washing-005/sample_01.jpg|data_video/review/candidate_frames/washing-005/sample_02.jpg|data_video/review/candidate_frames/washing-005/sample_03.jpg|data_video/review/candidate_frames/washing-005/sample_04.jpg|data_video/review/candidate_frames/washing-005/sample_05.jpg,5,,pass,,pending,,2026-07-21T10:55:49.044128+00:00
washing-006,Washing Machine,Crouzet 82432 Timer Motor.webm,Wikimedia Commons,source_disjoint_test_candidate,data_video/raw/candidate_sources/washing-006.webm,bd08829d36c2bdf7e1ce2e91077cfade5346fb4650bec467d5f174533bfbc7bf,bd08829d36c2bdf7e1ce2e91077cfade5346fb4650bec467d5f174533bfbc7bf,1171873,28.440,25.0,854,480,vp9,no,data_video/review/candidate_frames/washing-006/sample_01.jpg|data_video/review/candidate_frames/washing-006/sample_02.jpg|data_video/review/candidate_frames/washing-006/sample_03.jpg|data_video/review/candidate_frames/washing-006/sample_04.jpg|data_video/review/candidate_frames/washing-006/sample_05.jpg,5,,pass,,pending,,2026-07-21T10:55:52.703363+00:00
washing-007,Washing Machine,Wringer washer.webm,Wikimedia Commons,development_candidate,data_video/raw/candidate_sources/washing-007.webm,2ed76f9afda46c6202dd06e9e1e6a7f24148098a41f091f0cb0f69d54b02f14a,2ed76f9afda46c6202dd06e9e1e6a7f24148098a41f091f0cb0f69d54b02f14a,836365,7.870,30.0,854,480,vp9,no,data_video/review/candidate_frames/washing-007/sample_01.jpg|data_video/review/candidate_frames/washing-007/sample_02.jpg|data_video/review/candidate_frames/washing-007/sample_03.jpg|data_video/review/candidate_frames/washing-007/sample_04.jpg|data_video/review/candidate_frames/washing-007/sample_05.jpg,5,,pass,,pending,,2026-07-21T10:55:55.979832+00:00
washing-008,Washing Machine,A white washing machine manufactured by Husqvarna in the 1990s.webm,Wikimedia Commons,development_candidate,data_video/raw/candidate_sources/washing-008.webm,cff98dd6b4a88a329f684482202fa4502d71377fcfe1beb2e3b97e8f641962e0,cff98dd6b4a88a329f684482202fa4502d71377fcfe1beb2e3b97e8f641962e0,1307735,56.650,29.97,270,480,vp9,yes,data_video/review/candidate_frames/washing-008/sample_01.jpg|data_video/review/candidate_frames/washing-008/sample_02.jpg|data_video/review/candidate_frames/washing-008/sample_03.jpg|data_video/review/candidate_frames/washing-008/sample_04.jpg|data_video/review/candidate_frames/washing-008/sample_05.jpg,5,,fail,resolution_too_low,not_reviewed,,2026-07-21T10:55:58.455135+00:00
washing-009,Washing Machine,Aerra's Films of the Ordinary XV -- Washing machine pythagorean cup.webm,Wikimedia Commons,development_candidate,data_video/raw/candidate_sources/washing-009.webm,57acc9451dee2abb86548f4a70169ead87f439d21fdc261624ebb43a8b3f185a,57acc9451dee2abb86548f4a70169ead87f439d21fdc261624ebb43a8b3f185a,2166944,30.450,29.97,854,480,vp9,yes,data_video/review/candidate_frames/washing-009/sample_01.jpg|data_video/review/candidate_frames/washing-009/sample_02.jpg|data_video/review/candidate_frames/washing-009/sample_03.jpg|data_video/review/candidate_frames/washing-009/sample_04.jpg|data_video/review/candidate_frames/washing-009/sample_05.jpg,5,,pass,,pending,,2026-07-21T10:56:01.852753+00:00
washing-010,Washing Machine,The Dancing Washing Machine from Videocon India.webm,Wikimedia Commons,development_candidate,data_video/raw/candidate_sources/washing-010.webm,1e15310a1356b3ff702a6fdd64a5207b3fca9c08dfb3328f69aede047ab7a846,1e15310a1356b3ff702a6fdd64a5207b3fca9c08dfb3328f69aede047ab7a846,50073866,293.860,30.0,854,480,vp9,yes,data_video/review/candidate_frames/washing-010/sample_01.jpg|data_video/review/candidate_frames/washing-010/sample_02.jpg|data_video/review/candidate_frames/washing-010/sample_03.jpg|data_video/review/candidate_frames/washing-010/sample_04.jpg|data_video/review/candidate_frames/washing-010/sample_05.jpg,5,,pass,,pending,,2026-07-21T10:56:07.019003+00:00
washing-011,Washing Machine,Crazy Asko washing machine.webm,Wikimedia Commons,development_candidate,data_video/raw/candidate_sources/washing-011.webm,78ef45c531c29fee6fe564a91afe7a16043703710ceff3429beb2208e343e06e,78ef45c531c29fee6fe564a91afe7a16043703710ceff3429beb2208e343e06e,8391559,102.570,29.97,854,480,vp8,yes,data_video/review/candidate_frames/washing-011/sample_01.jpg|data_video/review/candidate_frames/washing-011/sample_02.jpg|data_video/review/candidate_frames/washing-011/sample_03.jpg|data_video/review/candidate_frames/washing-011/sample_04.jpg|data_video/review/candidate_frames/washing-011/sample_05.jpg,5,,pass,,pending,,2026-07-21T10:56:09.466747+00:00
washing-012,Washing Machine,Rhof-histWaschmaschine.ogv,Wikimedia Commons,development_candidate,data_video/raw/candidate_sources/washing-012.webm,edf165ef2ea1e99bdaff07e9fbbc9e99f8fe17aaa5539e55a26b971f579ea811,edf165ef2ea1e99bdaff07e9fbbc9e99f8fe17aaa5539e55a26b971f579ea811,3463064,66.290,25.0,312,240,vp9,yes,data_video/review/candidate_frames/washing-012/sample_01.jpg|data_video/review/candidate_frames/washing-012/sample_02.jpg|data_video/review/candidate_frames/washing-012/sample_03.jpg|data_video/review/candidate_frames/washing-012/sample_04.jpg|data_video/review/candidate_frames/washing-012/sample_05.jpg,5,,fail,resolution_too_low,not_reviewed,,2026-07-21T10:56:12.359536+00:00
washing-013,Washing Machine,Episode 26 - Sidekick - KEEP IT WEIRD.webm,Wikimedia Commons,development_candidate,data_video/raw/candidate_sources/washing-013.webm,5c079d643ef8665a643d0dc8c1f478787216b1164063031c386fd53dadd8d0f5,5c079d643ef8665a643d0dc8c1f478787216b1164063031c386fd53dadd8d0f5,121188783,1358.170,29.97,854,480,vp9,yes,data_video/review/candidate_frames/washing-013/sample_01.jpg|data_video/review/candidate_frames/washing-013/sample_02.jpg|data_video/review/candidate_frames/washing-013/sample_03.jpg|data_video/review/candidate_frames/washing-013/sample_04.jpg|data_video/review/candidate_frames/washing-013/sample_05.jpg,5,,pass,,pending,,2026-07-21T10:56:16.605165+00:00
washing-014,Washing Machine,20160916-AMS-LSC-9001 USDA Farmers Market and Ocean Spray Cooperative Cranberry Bog Harvest.webm,Wikimedia Commons,development_candidate,data_video/raw/candidate_sources/washing-014.webm,ee9d539547b80245ca83f49626fea540c7e9bd88712552256ee8aaa2555a2c12,ee9d539547b80245ca83f49626fea540c7e9bd88712552256ee8aaa2555a2c12,8332128,64.660,29.97,854,480,vp9,yes,data_video/review/candidate_frames/washing-014/sample_01.jpg|data_video/review/candidate_frames/washing-014/sample_02.jpg|data_video/review/candidate_frames/washing-014/sample_03.jpg|data_video/review/candidate_frames/washing-014/sample_04.jpg|data_video/review/candidate_frames/washing-014/sample_05.jpg,5,,pass,,pending,,2026-07-21T10:56:20.946921+00:00
washing-015,Washing Machine,Police K9 Catches His First Suspect & Makes Him Scream In Pain!.webm,Wikimedia Commons,development_candidate,data_video/raw/candidate_sources/washing-015.webm,6f93f9570d9dba7d73656322e7541fa706fa499b7044d465e3132fbfa48556b4,6f93f9570d9dba7d73656322e7541fa706fa499b7044d465e3132fbfa48556b4,21985318,128.050,29.97,854,480,vp9,yes,data_video/review/candidate_frames/washing-015/sample_01.jpg|data_video/review/candidate_frames/washing-015/sample_02.jpg|data_video/review/candidate_frames/washing-015/sample_03.jpg|data_video/review/candidate_frames/washing-015/sample_04.jpg|data_video/review/candidate_frames/washing-015/sample_05.jpg,5,,pass,,pending,,2026-07-21T10:56:26.734572+00:00
washing-016,Washing Machine,The Paneless Window Washer (1937).webm,Wikimedia Commons,development_candidate,data_video/raw/candidate_sources/washing-016.webm,f452710327de0d5eff344c78933281898810389a7a2e0bea675b4c178687198b,f452710327de0d5eff344c78933281898810389a7a2e0bea675b4c178687198b,40379215,369.610,23.98,656,480,vp9,yes,data_video/review/candidate_frames/washing-016/sample_01.jpg|data_video/review/candidate_frames/washing-016/sample_02.jpg|data_video/review/candidate_frames/washing-016/sample_03.jpg|data_video/review/candidate_frames/washing-016/sample_04.jpg|data_video/review/candidate_frames/washing-016/sample_05.jpg,5,,pass,,pending,,2026-07-21T10:56:29.770705+00:00
washing-017,Washing Machine,Wuppertal - Zoo - Loxodonta africana 04 (1) ies.webm,Wikimedia Commons,development_candidate,data_video/raw/candidate_sources/washing-017.webm,bc2b331e23482f6693e984829d41ec77a7b9c3d77a19d5416a21f59904c92df4,bc2b331e23482f6693e984829d41ec77a7b9c3d77a19d5416a21f59904c92df4,18950517,132.280,25.0,854,480,vp9,yes,data_video/review/candidate_frames/washing-017/sample_01.jpg|data_video/review/candidate_frames/washing-017/sample_02.jpg|data_video/review/candidate_frames/washing-017/sample_03.jpg|data_video/review/candidate_frames/washing-017/sample_04.jpg|data_video/review/candidate_frames/washing-017/sample_05.jpg,5,,pass,,pending,,2026-07-21T10:56:34.830102+00:00
washing-018,Washing Machine,Controlling-the-motion-of-multiple-objects-on-a-Chladni-plate-ncomms12764-s5.ogv,Wikimedia Commons,development_candidate,data_video/raw/candidate_sources/washing-018.webm,ade5c0ce8631f0eef9b9a8342ce9b155926f64ae02d3b4950a0a645cb905013a,ade5c0ce8631f0eef9b9a8342ce9b155926f64ae02d3b4950a0a645cb905013a,4429289,59.780,50.0,854,480,vp9,no,data_video/review/candidate_frames/washing-018/sample_01.jpg|data_video/review/candidate_frames/washing-018/sample_02.jpg|data_video/review/candidate_frames/washing-018/sample_03.jpg|data_video/review/candidate_frames/washing-018/sample_04.jpg|data_video/review/candidate_frames/washing-018/sample_05.jpg,5,,pass,,pending,,2026-07-21T10:56:38.359373+00:00
washing-019,Washing Machine,Kärcher K3.550 pressure washing using a Dirtblaster wand attachment.webm,Wikimedia Commons,development_candidate,data_video/raw/candidate_sources/washing-019.webm,0ef79a9425cbd909855b95ee46dabed170867607872aad087dde92ea0464d733,0ef79a9425cbd909855b95ee46dabed170867607872aad087dde92ea0464d733,13635775,109.840,29.97,854,480,vp9,yes,data_video/review/candidate_frames/washing-019/sample_01.jpg|data_video/review/candidate_frames/washing-019/sample_02.jpg|data_video/review/candidate_frames/washing-019/sample_03.jpg|data_video/review/candidate_frames/washing-019/sample_04.jpg|data_video/review/candidate_frames/washing-019/sample_05.jpg,5,,pass,,pending,,2026-07-21T10:56:44.176907+00:00
washing-020,Washing Machine,Parts washer.webm,Wikimedia Commons,development_candidate,data_video/raw/candidate_sources/washing-020.webm,d3c6fbdbbd77d656087a862cde53c14ff3084022c093045636a072b95e644438,d3c6fbdbbd77d656087a862cde53c14ff3084022c093045636a072b95e644438,1491057,18.670,30.0,270,480,vp9,yes,data_video/review/candidate_frames/washing-020/sample_01.jpg|data_video/review/candidate_frames/washing-020/sample_02.jpg|data_video/review/candidate_frames/washing-020/sample_03.jpg|data_video/review/candidate_frames/washing-020/sample_04.jpg|data_video/review/candidate_frames/washing-020/sample_05.jpg,5,,fail,resolution_too_low,not_reviewed,,2026-07-21T10:56:47.976571+00:00
washing-021,Washing Machine,Pressure washer rotary attachment in slow motion.webm,Wikimedia Commons,development_candidate,data_video/raw/candidate_sources/washing-021.webm,93cd2f749141ff954fd73d48c75da866373bd91df2d9c8c62c032348597ae1b5,93cd2f749141ff954fd73d48c75da866373bd91df2d9c8c62c032348597ae1b5,6012610,91.730,29.97,854,480,vp9,no,data_video/review/candidate_frames/washing-021/sample_01.jpg|data_video/review/candidate_frames/washing-021/sample_02.jpg|data_video/review/candidate_frames/washing-021/sample_03.jpg|data_video/review/candidate_frames/washing-021/sample_04.jpg|data_video/review/candidate_frames/washing-021/sample_05.jpg,5,,pass,,pending,,2026-07-21T10:56:50.245315+00:00
washing-022,Washing Machine,Pressure washing screamer.webm,Wikimedia Commons,development_candidate,data_video/raw/candidate_sources/washing-022.webm,92e0e186067cf76bb8ff62abe6f03b371efb71f23adcf17b0c7c316894e284f7,92e0e186067cf76bb8ff62abe6f03b371efb71f23adcf17b0c7c316894e284f7,4161552,36.440,29.97,854,480,vp9,yes,data_video/review/candidate_frames/washing-022/sample_01.jpg|data_video/review/candidate_frames/washing-022/sample_02.jpg|data_video/review/candidate_frames/washing-022/sample_03.jpg|data_video/review/candidate_frames/washing-022/sample_04.jpg|data_video/review/candidate_frames/washing-022/sample_05.jpg,5,,pass,,pending,,2026-07-21T10:56:54.405098+00:00
washing-023,Washing Machine,Skoda Yeti.ogv,Wikimedia Commons,development_candidate,data_video/raw/candidate_sources/washing-023.webm,db1a8d63a633c05182e5da77dc17f9dc997289780091ef77f495d5362187a8a5,db1a8d63a633c05182e5da77dc17f9dc997289780091ef77f495d5362187a8a5,610342,3.740,25.0,854,480,vp9,yes,data_video/review/candidate_frames/washing-023/sample_01.jpg|data_video/review/candidate_frames/washing-023/sample_02.jpg|data_video/review/candidate_frames/washing-023/sample_03.jpg|data_video/review/candidate_frames/washing-023/sample_04.jpg|data_video/review/candidate_frames/washing-023/sample_05.jpg,5,,pass,,pending,,2026-07-21T10:56:57.618022+00:00
washing-024,Washing Machine,""" LEATHERNECKS ON PARADE "" 1942 UNITED STATES MARINE CORPS & JOE E. BROWN PROMO GG13165.webm",Wikimedia Commons,development_candidate,data_video/raw/candidate_sources/washing-024.webm,f581b1989376bf657aac6f19b6d20e0939bc54d4a9486f3d356f204ab296776f,f581b1989376bf657aac6f19b6d20e0939bc54d4a9486f3d356f204ab296776f,52453390,700.790,23.98,854,480,av1,yes,data_video/review/candidate_frames/washing-024/sample_01.jpg|data_video/review/candidate_frames/washing-024/sample_02.jpg|data_video/review/candidate_frames/washing-024/sample_03.jpg|data_video/review/candidate_frames/washing-024/sample_04.jpg|data_video/review/candidate_frames/washing-024/sample_05.jpg,5,,pass,,pending,,2026-07-21T10:57:02.240804+00:00
washing-025,Washing Machine,About Fallout (1963).webm,Wikimedia Commons,development_candidate,data_video/raw/candidate_sources/washing-025.webm,c21480d0eaec1eb03d3e5ccee77941d38226bf80dfb1cbf712ae790345c964d6,c21480d0eaec1eb03d3e5ccee77941d38226bf80dfb1cbf712ae790345c964d6,196878817,1413.380,29.97,352,480,vp8,yes,data_video/review/candidate_frames/washing-025/sample_01.jpg|data_video/review/candidate_frames/washing-025/sample_02.jpg|data_video/review/candidate_frames/washing-025/sample_03.jpg|data_video/review/candidate_frames/washing-025/sample_04.jpg|data_video/review/candidate_frames/washing-025/sample_05.jpg,5,,pass,,pending,,2026-07-21T10:57:05.470859+00:00
washing-026,Washing Machine,Mining and Preparation of Anthracite Coal.webm,Wikimedia Commons,development_candidate,data_video/raw/candidate_sources/washing-026.webm,535ec70ae78ece2b433e2668e6073efacead3de5c25f6378e724e5512c388fa5,535ec70ae78ece2b433e2668e6073efacead3de5c25f6378e724e5512c388fa5,192871511,534.540,29.97,640,480,vp9,yes,data_video/review/candidate_frames/washing-026/sample_01.jpg|data_video/review/candidate_frames/washing-026/sample_02.jpg|data_video/review/candidate_frames/washing-026/sample_03.jpg|data_video/review/candidate_frames/washing-026/sample_04.jpg|data_video/review/candidate_frames/washing-026/sample_05.jpg,5,,pass,,pending,,2026-07-21T10:57:12.640071+00:00
washing-027,Washing Machine,SPINNING SLINKY - Punjabi.webm,Wikimedia Commons,development_candidate,data_video/raw/candidate_sources/washing-027.webm,14dea22f9504719dc97d4477136444407637954dbddbdbd6b5905768f2ff2139,14dea22f9504719dc97d4477136444407637954dbddbdbd6b5905768f2ff2139,9715421,221.940,25.0,640,480,vp9,yes,data_video/review/candidate_frames/washing-027/sample_01.jpg|data_video/review/candidate_frames/washing-027/sample_02.jpg|data_video/review/candidate_frames/washing-027/sample_03.jpg|data_video/review/candidate_frames/washing-027/sample_04.jpg|data_video/review/candidate_frames/washing-027/sample_05.jpg,5,,pass,,pending,,2026-07-21T10:57:15.021100+00:00
