record_id,inventory_status,source_page_url,direct_url,source_variant,transport,local_path,downloaded_at,bytes,sha256,content_type,etag,last_modified,authorization_reference
airfryer-002,accepted,https://archive.org/details/gctvva-Library_Kitchen_-_Air_Fryer_Oreos,https://archive.org/download/gctvva-Library_Kitchen_-_Air_Fryer_Oreos/Library_Kitchen_-_Air_Fryer_Oreos.mp4,h.264,existing_recovery,data_video/raw/archive_candidates/airfryer-002.mp4,2026-07-22T08:33:45.656307+00:00,35728437,08a1d39bea47bfc6b67b5006e6e16729af75bc0ae9fb060268014e1e4885b8f0,,,,owner-confirmed-2026-07-21-dataset-expansion
airfryer-005,accepted,https://archive.org/details/youtube-RaolUs_38zQ,https://archive.org/download/youtube-RaolUs_38zQ/RaolUs_38zQ.mp4,h.264,existing_recovery,data_video/raw/archive_candidates/airfryer-005.mp4,2026-07-22T08:33:46.911785+00:00,34776570,af30c198eef94cae98d3b1c2ec8fc7ba6b0571979c2701c2d108dd8f0c33bd3a,,,,owner-confirmed-2026-07-21-dataset-expansion
airfryer-006,accepted,https://archive.org/details/make-easy-air-fryer-oreos-at-home-with-only-2-ingredients,https://archive.org/download/make-easy-air-fryer-oreos-at-home-with-only-2-ingredients/Make%20easy%20%27Air%20Fryer%20Oreos%27%20at%20home%20with%20only%202%20ingredients.mp4,MPEG4,existing_recovery,data_video/raw/archive_candidates/airfryer-006.mp4,2026-07-21T11:07:13.822187+00:00,1673333,5cc4dcbc92d594d1f19086d5fc32570b59210ebf5a1b01f2bb31cb362fc17b40,,,,owner-confirmed-2026-07-21-dataset-expansion
airfryer-011,accepted,https://archive.org/details/monterca-Monterey_Recreation_Presents_-_That_s_Good_Air_Fryer_Grilled_Cheese,https://archive.org/download/monterca-Monterey_Recreation_Presents_-_That_s_Good_Air_Fryer_Grilled_Cheese/Monterey_Recreation_Presents_-_That_s_Good_Air_Fryer_Grilled_Cheese.mp4,h.264,existing_recovery,data_video/raw/archive_candidates/airfryer-011.mp4,2026-07-21T11:52:25.849704+00:00,9570055,d47a8a1077c51d764227d20be8f4e23b4f0fbd6d6f30df5a6c4b2e6f3c067038,,,,owner-confirmed-2026-07-21-dataset-expansion
airfryer-017,accepted,https://archive.org/details/youtube-3emzRi3gdiQ,https://archive.org/download/youtube-3emzRi3gdiQ/3emzRi3gdiQ.mp4,MPEG4,requests,data_video/raw/archive_candidates/airfryer-017.mp4,2026-07-22T21:47:33.716601+00:00,281204276,9223ab4660d0c10be7da890c0ad13ee346420191e9607411c9edec081bf6a02b,video/mp4,"""64dc072e-10c2d634""","Tue, 15 Aug 2023 23:15:58 GMT",owner-confirmed-2026-07-21-dataset-expansion
airfryer-024,accepted,https://archive.org/details/youtube-NmN53yuxr-U,https://archive.org/download/youtube-NmN53yuxr-U/NuWave_Brio_Digital_Air_Fryer-NmN53yuxr-U.mp4,MPEG4,requests,data_video/raw/archive_candidates/airfryer-024.mp4,2026-07-22T21:50:26.906837+00:00,8386734,7a8740df543d21984569ff68779962861d20e0fc8ae4f42567d2e58ab6880faa,video/mp4,"""593c3538-7ff8ae""","Sat, 10 Jun 2017 18:06:48 GMT",owner-confirmed-2026-07-21-dataset-expansion
airfryer-026,accepted,https://archive.org/details/monterca-MontereyRecreation_Presents_-_That_s_Good_Air_Fryer_Donuts_Demo,https://archive.org/download/monterca-MontereyRecreation_Presents_-_That_s_Good_Air_Fryer_Donuts_Demo/MontereyRecreation_Presents_-_That_s_Good_Air_Fryer_Donuts_Demo.mp4,h.264,requests,data_video/raw/archive_candidates/airfryer-026.mp4,2026-07-22T21:50:54.398805+00:00,18906767,2c97ba89447c76d2f8e3923a4e16c461791bb3733eae994955229e750b6fcb27,video/mp4,"""657df8b8-1207e8f""","Sat, 16 Dec 2023 19:21:28 GMT",owner-confirmed-2026-07-21-dataset-expansion
airfryer-027,accepted,https://archive.org/details/youtube-ohiGKnzmfAY,https://archive.org/download/youtube-ohiGKnzmfAY/ohiGKnzmfAY.mp4,h.264,requests,data_video/raw/archive_candidates/airfryer-027.mp4,2026-07-22T21:51:11.538100+00:00,28793934,d19ef592cad182330f3685fa61061f1249a0fe6a401741e149ae7d0f9cce671a,video/mp4,"""6593299d-1b75c4e""","Mon, 01 Jan 2024 21:07:41 GMT",owner-confirmed-2026-07-21-dataset-expansion
airfryer-029,accepted,https://archive.org/details/youtube-DosjRtIxuEg,https://archive.org/download/youtube-DosjRtIxuEg/DosjRtIxuEg.mp4,h.264,requests,data_video/raw/archive_candidates/airfryer-029.mp4,2026-07-22T22:32:00.856924+00:00,66309666,853838ee93433557fe93454b1bb73a0fb1a33d6e93f377f2ed1ebc18ebaf2a74,video/mp4,"""65c27c1a-3f3ce22""","Tue, 06 Feb 2024 18:36:10 GMT",owner-confirmed-2026-07-21-dataset-expansion
airfryer-030,accepted,https://archive.org/details/hcectvky-Cooking_Healthy_Snacks_with_an_Air_fryer_-_Hardin_County_Extension_Today_June_2019,https://archive.org/download/hcectvky-Cooking_Healthy_Snacks_with_an_Air_fryer_-_Hardin_County_Extension_Today_June_2019/Cooking_Healthy_Snacks_with_an_Air_fryer_-_Hardin_County_Extension_Today_June_2019.mp4,h.264,requests,data_video/raw/archive_candidates/airfryer-030.mp4,2026-07-22T22:32:44.401166+00:00,107869097,5eed26cd72252c2aef8202a3d43fdd670ba8c943356a131b75ade7b330c27bb2,video/mp4,"""5fc83f01-66df3a9""","Thu, 03 Dec 2020 01:27:29 GMT",owner-confirmed-2026-07-21-dataset-expansion
airfryer-032,accepted,https://archive.org/details/how-to-clean-your-air-fryer-smelly-dirty-new-watch-this,https://archive.org/download/how-to-clean-your-air-fryer-smelly-dirty-new-watch-this/How%20to%20Clean%20Your%20Air%20Fryer%20%E2%86%92%20SMELLY_%20DIRTY_%20NEW_%20Watch%20THIS%21.mp4,MPEG4,requests,data_video/raw/archive_candidates/airfryer-032.mp4,2026-07-22T22:39:26.629114+00:00,151255865,19964dff8e507ce789c7219c5b2a68c6462322a0309cc0c5ea628b35ea28d4fb,video/mp4,"""60787ea0-903fb39""","Thu, 15 Apr 2021 17:57:52 GMT",owner-confirmed-2026-07-21-dataset-expansion
airfryer-033,accepted,https://archive.org/details/ratao_frKY4As3ctXhnhf4,https://archive.org/download/ratao_frKY4As3ctXhnhf4/As3ctXhnhf4.ia.mp4,h.264 IA,requests,data_video/raw/archive_candidates/airfryer-033.mp4,2026-07-22T22:40:07.765397+00:00,85563360,b3faa51963f29e704f6fd9c2e3e57f4b4a1cd2772c44eabf99d92e850287ba8c,video/mp4,"""5f698d27-51997e0""","Tue, 22 Sep 2020 05:35:35 GMT",owner-confirmed-2026-07-21-dataset-expansion
camera-001,scope_review,https://commons.wikimedia.org/wiki/File:CCD_-_The_heart_of_a_digital_camera_(how_a_charge-coupled_device_works).webm,https://upload.wikimedia.org/wikipedia/commons/transcoded/3/35/CCD_-_The_heart_of_a_digital_camera_%28how_a_charge-coupled_device_works%29.webm/CCD_-_The_heart_of_a_digital_camera_%28how_a_charge-coupled_device_works%29.webm.480p.vp9.webm,wikimedia_transcode,curl,data_video/raw/authorized_sources/camera-001.webm,2026-07-16T14:01:21.147584+00:00,15362871,871b69bf09dda7c6f7b865bc58cf2d942d802273536877d5d6a1a58fced1d6fb,,,,owner-confirmed-2026-07-16-codex-task
espresso-001,provisional_accept,https://commons.wikimedia.org/wiki/File:Espresso_video.ogv,https://upload.wikimedia.org/wikipedia/commons/4/43/Espresso_video.ogv,original,requests,data_video/raw/authorized_sources/espresso-001.ogv,2026-07-16T13:43:05.686922+00:00,9899796,1853f8dce07b802dc9ba4ce8a9e217baf53aed62b55dc53c7f21b07a876c860c,application/ogg,bb8c5955eb156083703debf2929c0d1f,"Fri, 18 Jan 2019 04:30:36 GMT",owner-confirmed-2026-07-16-codex-task
espresso-002,provisional_accept,https://commons.wikimedia.org/wiki/File:Nespresso_machine.ogv,https://upload.wikimedia.org/wikipedia/commons/8/80/Nespresso_machine.ogv,original,requests,data_video/raw/authorized_sources/espresso-002.ogv,2026-07-16T13:43:06.644997+00:00,2046460,5e3701e9a1d0caa489016d208cc66270048eddbc5bb2d0ccb0a3b26a419ce3b9,application/ogg,99e3ba4d5a27765145bc654acba6502f,"Fri, 10 Oct 2014 19:44:02 GMT",owner-confirmed-2026-07-16-codex-task
espresso-003,scope_review,https://commons.wikimedia.org/wiki/File:Moccamaster_coffee_maker.webm,https://upload.wikimedia.org/wikipedia/commons/3/3c/Moccamaster_coffee_maker.webm,original,requests,data_video/raw/authorized_sources/espresso-003.webm,2026-07-16T13:43:10.680297+00:00,53116383,02f11c27554694f09d275df37d7b26e7d9eb7424f97cb07a9cff901c5491efc3,video/webm,8a61aef53d75cb67fb4e30e48597e14f,"Tue, 18 Dec 2018 07:15:22 GMT",owner-confirmed-2026-07-16-codex-task
espresso-004,accepted,https://commons.wikimedia.org/wiki/File:Der_perfekte_Espresso_aus_dem_Siebtr%C3%A4ger.ogv,https://upload.wikimedia.org/wikipedia/commons/transcoded/1/1c/Der_perfekte_Espresso_aus_dem_Siebtr%C3%A4ger.ogv/Der_perfekte_Espresso_aus_dem_Siebtr%C3%A4ger.ogv.480p.vp9.webm,wikimedia_transcode,existing_recovery,data_video/raw/candidate_sources/espresso-004.webm,2026-07-21T10:29:09.788723+00:00,3911342,cd09ba95b536437322a1bc161abbcb32281b8e1fe4ec0fb849542d39ff9e302d,,,,owner-confirmed-2026-07-21-dataset-expansion
espresso-005,accepted,"https://commons.wikimedia.org/wiki/File:Morning_Espresso_Routine_-_Progress,_Results,_Observations_and_Miscellany.webm",https://upload.wikimedia.org/wikipedia/commons/transcoded/3/36/Morning_Espresso_Routine_-_Progress%2C_Results%2C_Observations_and_Miscellany.webm/Morning_Espresso_Routine_-_Progress%2C_Results%2C_Observations_and_Miscellany.webm.480p.vp9.webm,wikimedia_transcode,existing_recovery,data_video/raw/candidate_sources/espresso-005.webm,2026-07-21T10:29:10.832329+00:00,3657231,bc21ca95d53ebc6e89bc0bda6c15f03e0e842ad4c4ca4302439a52377c5d2ea7,,,,owner-confirmed-2026-07-21-dataset-expansion
espresso-006,accepted,https://commons.wikimedia.org/wiki/File:%D0%9F%D1%80%D0%B8%D0%B3%D0%BE%D1%82%D0%BE%D0%B2%D0%BB%D0%B5%D0%BD%D0%B8%D0%B5_%D0%BC%D0%B0%D0%BA%D0%B8%D0%B0%D1%82%D0%BE.webm,https://upload.wikimedia.org/wikipedia/commons/transcoded/b/b3/%D0%9F%D1%80%D0%B8%D0%B3%D0%BE%D1%82%D0%BE%D0%B2%D0%BB%D0%B5%D0%BD%D0%B8%D0%B5_%D0%BC%D0%B0%D0%BA%D0%B8%D0%B0%D1%82%D0%BE.webm/%D0%9F%D1%80%D0%B8%D0%B3%D0%BE%D1%82%D0%BE%D0%B2%D0%BB%D0%B5%D0%BD%D0%B8%D0%B5_%D0%BC%D0%B0%D0%BA%D0%B8%D0%B0%D1%82%D0%BE.webm.480p.vp9.webm,wikimedia_transcode,existing_recovery,data_video/raw/candidate_sources/espresso-006.webm,2026-07-21T10:29:11.865386+00:00,996224,28a7eb41cf5436c8f07326544cbe26283ca15b734221be1bcaa8da46ddcd3fb4,,,,owner-confirmed-2026-07-21-dataset-expansion
espresso-008,accepted,"https://commons.wikimedia.org/wiki/File:Machine_%C3%A0_caf%C3%A9_%C3%A0_l%27h%C3%B4tel_de_la_Cloche_(Dole,_Jura,_France).webm",https://upload.wikimedia.org/wikipedia/commons/transcoded/a/ad/Machine_%C3%A0_caf%C3%A9_%C3%A0_l%27h%C3%B4tel_de_la_Cloche_%28Dole%2C_Jura%2C_France%29.webm/Machine_%C3%A0_caf%C3%A9_%C3%A0_l%27h%C3%B4tel_de_la_Cloche_%28Dole%2C_Jura%2C_France%29.webm.480p.vp9.webm,wikimedia_transcode,existing_recovery,data_video/raw/candidate_sources/espresso-008.webm,2026-07-21T10:29:13.972968+00:00,1254486,751d98992d4fefbae1320347c13336b302194c681bc6f275451efba45f8041b8,,,,owner-confirmed-2026-07-21-dataset-expansion
espresso-009,accepted,https://commons.wikimedia.org/wiki/File:Tassimo_coffee_system.webm,https://upload.wikimedia.org/wikipedia/commons/transcoded/4/47/Tassimo_coffee_system.webm/Tassimo_coffee_system.webm.480p.vp9.webm,wikimedia_transcode,existing_recovery,data_video/raw/candidate_sources/espresso-009.webm,2026-07-21T10:29:14.989777+00:00,8044347,8f6db2a60da5b7ef3c596daefa5347b8ef153a7225720e25d70f1d0b9e2ece09,,,,owner-confirmed-2026-07-21-dataset-expansion
espresso-015,accepted,https://commons.wikimedia.org/wiki/File:Morning_Espresso_Routine_(abridged_version).webm,https://upload.wikimedia.org/wikipedia/commons/transcoded/2/21/Morning_Espresso_Routine_%28abridged_version%29.webm/Morning_Espresso_Routine_%28abridged_version%29.webm.480p.vp9.webm,wikimedia_transcode,existing_recovery,data_video/raw/candidate_sources/espresso-015.webm,2026-07-21T10:29:21.804534+00:00,3156537,26b894a7ce6689345efe2f8373c7d8201b3c4f89696f01d551b76ad539e5370e,,,,owner-confirmed-2026-07-21-dataset-expansion
espresso-016,accepted,https://commons.wikimedia.org/wiki/File:Sunday_Morning_Espresso_Routine_-_Grind_%2B_distribute_%2B_tamp_%2B_extraction_(15-Second_Abridged_Version).webm,https://upload.wikimedia.org/wikipedia/commons/transcoded/8/83/Sunday_Morning_Espresso_Routine_-_Grind_%2B_distribute_%2B_tamp_%2B_extraction_%2815-Second_Abridged_Version%29.webm/Sunday_Morning_Espresso_Routine_-_Grind_%2B_distribute_%2B_tamp_%2B_extraction_%2815-Second_Abridged_Version%29.webm.480p.vp9.webm,wikimedia_transcode,existing_recovery,data_video/raw/candidate_sources/espresso-016.webm,2026-07-21T10:29:22.836063+00:00,1314662,750ac463f30e74acc91ab8d02c96658107c86a822edb18a538124c5d561f0c31,,,,owner-confirmed-2026-07-21-dataset-expansion
espresso-017,accepted,https://archive.org/details/how-to-fix-jura-a1-model-espresso-machine,https://archive.org/download/how-to-fix-jura-a1-model-espresso-machine/YTDown_YouTube_Media_lIR29ffd3PE_001_1080p.mp4,MPEG4,requests,data_video/raw/archive_candidates/espresso-017.mp4,2026-07-22T21:54:57.152946+00:00,307884231,04dfe8604ca537cf1efabd8ba8565d728eafd214ba4e4ef8facfbdb861f402bd,video/mp4,"""6a42e6e5-1259f0c7""","Mon, 29 Jun 2026 21:43:01 GMT",owner-confirmed-2026-07-21-dataset-expansion
espresso-018,accepted,https://archive.org/details/youtube-llFWIu51xb8,https://archive.org/download/youtube-llFWIu51xb8/llFWIu51xb8.mp4,h.264,requests,data_video/raw/archive_candidates/espresso-018.mp4,2026-07-22T21:55:13.414833+00:00,9021304,a1be173e9a82f128c4831b6b26114cac44e9dc08b95a25fab62a7714f9f1d3af,video/mp4,"""6479e1eb-89a778""","Fri, 02 Jun 2023 12:34:51 GMT",owner-confirmed-2026-07-21-dataset-expansion
espresso-040,accepted,https://www.pexels.com/video/making-espresso-with-modern-coffee-machine-34780936/,https://videos.pexels.com/video-files/34780936/14745069_2160_3840_30fps.mp4,UHD 2160x3840,curl,data_video/raw/pexels_candidates/espresso-040.mp4,2026-07-23T07:55:00+00:00,16888503,9359fc489fc0eca410cb303612f5a843e2db9e708c8a8cc82afb8e4b18b88ce7,video/mp4,"""32cb779c50cbdba7eba566a8b4072490""","Tue, 18 Nov 2025 01:18:15 GMT",owner-confirmed-2026-07-21-dataset-expansion
pressure-001,scope_review,https://commons.wikimedia.org/wiki/File:Panela_de_press%C3%A3o.webm,https://upload.wikimedia.org/wikipedia/commons/transcoded/d/d7/Panela_de_press%C3%A3o.webm/Panela_de_press%C3%A3o.webm.480p.vp9.webm,wikimedia_transcode,curl,data_video/raw/authorized_sources/pressure-001.webm,2026-07-16T13:59:40.942017+00:00,7161982,1fb991b801931f1b4ad9922e7f58edea0b3940f4f6364b700817e44d8ded5005,,,,owner-confirmed-2026-07-16-codex-task
pressure-006,accepted,https://archive.org/details/multi-function-pressure-cooker,https://archive.org/download/multi-function-pressure-cooker/Multi%20Function%20Pressure%20Cooker.mp4,MPEG4,existing_recovery,data_video/raw/archive_candidates/pressure-006.mp4,2026-07-21T11:26:03.932526+00:00,2488479,10589727dbc1c36db2bf46976ee21269c8c85c7300888fce00df6a2680214cf9,,,,owner-confirmed-2026-07-21-dataset-expansion
pressure-010,accepted,https://archive.org/details/mctvscia-Instant_Pot._Group_C,https://archive.org/download/mctvscia-Instant_Pot._Group_C/Instant_Pot._Group_C.mp4,h.264,existing_recovery,data_video/raw/archive_candidates/pressure-010.mp4,2026-07-22T08:33:52.493417+00:00,24700950,41d0990e12aae28db4f788786354e068c25745f7ee423709ae5bae656c280e37,,,,owner-confirmed-2026-07-21-dataset-expansion
pressure-011,accepted,https://archive.org/details/hcctvmd-Pulled_Pork_Instant_Pot_I_Simply_Cooking_Demo,https://archive.org/download/hcctvmd-Pulled_Pork_Instant_Pot_I_Simply_Cooking_Demo/Pulled_Pork_Instant_Pot_I_Simply_Cooking_Demo.mp4,h.264,existing_recovery,data_video/raw/archive_candidates/pressure-011.mp4,2026-07-22T09:05:00.270492+00:00,30805413,3438b34413088260074ad5e5e90113a4ece35296a2c00c4e7ff3e50b2279512e,,,,owner-confirmed-2026-07-21-dataset-expansion
pressure-012,accepted,https://archive.org/details/instant-pot-teriyaki-chicken,https://archive.org/download/instant-pot-teriyaki-chicken/Instant%20Pot%20Teriyaki%20Chicken.mp4,MPEG4,existing_recovery,data_video/raw/archive_candidates/pressure-012.mp4,2026-07-22T13:02:20.788091+00:00,32147371,bb1b50eabb76f1cf4a88adf9c7bde4aef1867a3f7cd55c9f6816ed3f12e9063c,,,,owner-confirmed-2026-07-21-dataset-expansion
pressure-020,accepted,https://archive.org/details/youtube-VrwddG6c1qA,https://archive.org/download/youtube-VrwddG6c1qA/VrwddG6c1qA.mp4,h.264,requests,data_video/raw/archive_candidates/pressure-020.mp4,2026-07-22T22:02:50.077445+00:00,23615490,7ef5e22eb6da5d93cc1fe44bc643bcb828de57882dcdf5498f409b2d45b8cf1e,video/mp4,"""64c802bf-1685802""","Mon, 31 Jul 2023 18:51:43 GMT",owner-confirmed-2026-07-21-dataset-expansion
pressure-026,accepted,https://archive.org/details/DiaryOfAnArcadeEmployeeVidcast05PressureCooker,https://archive.org/download/DiaryOfAnArcadeEmployeeVidcast05PressureCooker/Diary-of-an-arcade-employee-vidcast-05-pressure-cooker.mp4,h.264,requests,data_video/raw/archive_candidates/pressure-026.mp4,2026-07-22T22:03:56.099078+00:00,38351320,d6a867f10f4c8c8dae2d9c2ac22eb10d00bd3f01efece99b54f8e6dfaf2ff2df,video/mp4,"""56983e26-24931d8""","Fri, 15 Jan 2016 00:32:38 GMT",owner-confirmed-2026-07-21-dataset-expansion
pressure-027,accepted,https://archive.org/details/youtube-ymo46Al_M60,https://archive.org/download/youtube-ymo46Al_M60/ymo46Al_M60.mp4,h.264,requests,data_video/raw/archive_candidates/pressure-027.mp4,2026-07-22T22:04:15.973400+00:00,48991592,f24252f60bd7ce044f3e60d7dc58f1c9d1889e7da3f4071849ad6e77efa008d1,video/mp4,"""68f57d54-2eb8d68""","Mon, 20 Oct 2025 00:07:48 GMT",owner-confirmed-2026-07-21-dataset-expansion
pressure-028,accepted,https://archive.org/details/Instant_Pot_Risotto_with_Shrimp_-_Shrewsbury_Community_Cookbook,https://archive.org/download/Instant_Pot_Risotto_with_Shrimp_-_Shrewsbury_Community_Cookbook/Instant_Pot_Risotto_with_Shrimp_-_Shrewsbury_Community_Cookbook.mp4,h.264,requests,data_video/raw/archive_candidates/pressure-028.mp4,2026-07-22T22:04:47.455726+00:00,72175789,88815eda4cba0ec139374069cc78fbe08ef2572c754049cf73121167e1fa06b6,video/mp4,"""5feb69b1-44d50ad""","Tue, 29 Dec 2020 17:38:57 GMT",owner-confirmed-2026-07-21-dataset-expansion
pressure-032,accepted,https://archive.org/details/scm-214736-usingapressurecooker,https://archive.org/download/scm-214736-usingapressurecooker/spiritofcooking_13_02_19.mp4,h.264,requests,data_video/raw/archive_candidates/pressure-032.mp4,2026-07-22T22:42:32.647770+00:00,174186528,67bf0e3e67a47e833652c82ccef3a18b5857c112a29c04c81f78cc2271b25a91,video/mp4,"""5123da53-a61e020""","Tue, 19 Feb 2013 20:02:27 GMT",owner-confirmed-2026-07-21-dataset-expansion
pressure-033,accepted,https://archive.org/details/fagor-pressure-cooker,https://archive.org/download/fagor-pressure-cooker/Fagor%20Pressure%20Cooker.mp4,MPEG4,requests,data_video/raw/archive_candidates/pressure-033.mp4,2026-07-22T22:44:14.795867+00:00,279464213,82b0b03bbd100b164d99059f208450df8f8e3641542e1668ddc8da1cb4472e3d,video/mp4,"""662c858e-10a84915""","Sat, 27 Apr 2024 04:56:46 GMT",owner-confirmed-2026-07-21-dataset-expansion
pressure-036,accepted,https://archive.org/details/youtube-CZ7moF9ZvlA,https://archive.org/download/youtube-CZ7moF9ZvlA/CZ7moF9ZvlA.mp4,h.264,requests,data_video/raw/archive_candidates/pressure-036.mp4,2026-07-22T22:46:44.265871+00:00,33989113,7998ce338113cbc2bb159748e9666cc214d77d31e3c5b6aa82e50698e3e04653,video/mp4,"""64c97ef5-206a1f9""","Tue, 01 Aug 2023 21:53:57 GMT",owner-confirmed-2026-07-21-dataset-expansion
pressure-037,accepted,https://archive.org/details/youtube-N-DG_bleUlg,https://archive.org/download/youtube-N-DG_bleUlg/N-DG_bleUlg.mp4,h.264,requests,data_video/raw/archive_candidates/pressure-037.mp4,2026-07-22T22:46:54.436304+00:00,9361834,8c7a77e83ae69aa440953004cc0d48148b0732744778bc6f760f179133896719,video/mp4,"""6479dc8a-8ed9aa""","Fri, 02 Jun 2023 12:11:54 GMT",owner-confirmed-2026-07-21-dataset-expansion
pressure-040,accepted,https://archive.org/details/prkcitut-Making_Butternut_Pumpkin_Soup_with_Stacey_Springer,https://archive.org/download/prkcitut-Making_Butternut_Pumpkin_Soup_with_Stacey_Springer/Making_Butternut_Pumpkin_Soup_with_Stacey_Springer.mp4,h.264,requests,data_video/raw/archive_candidates/pressure-040.mp4,2026-07-22T22:50:28.235885+00:00,65722899,3efc6a77727ef36c06c90875d0bcfcf5ef4643fac23f339d7bc7e8d635b2f8c6,video/mp4,"""65d99780-3eada13""","Sat, 24 Feb 2024 07:15:12 GMT",owner-confirmed-2026-07-21-dataset-expansion
printer-001,provisional_accept,https://commons.wikimedia.org/wiki/File:Printer.ogv,https://upload.wikimedia.org/wikipedia/commons/transcoded/6/6d/Printer.ogv/Printer.ogv.360p.webm,wikimedia_transcode,curl,data_video/raw/authorized_sources/printer-001.webm,2026-07-16T14:01:03.810336+00:00,2786329,763150ad2fddda905dec386ac2db3e9e4279edf882b2629e623f927009d3dda7,,,,owner-confirmed-2026-07-16-codex-task
printer-003,accepted,"https://commons.wikimedia.org/wiki/File:Electronica_2025,_Bangalore_International_Exhibition_Centre,_16.webm",https://upload.wikimedia.org/wikipedia/commons/transcoded/9/99/Electronica_2025%2C_Bangalore_International_Exhibition_Centre%2C_16.webm/Electronica_2025%2C_Bangalore_International_Exhibition_Centre%2C_16.webm.480p.vp9.webm,wikimedia_transcode,curl,data_video/raw/candidate_sources/printer-003.webm,2026-07-21T10:41:55.056595+00:00,11608308,6c2dece9f5027bb67bcf168b9cb516833b02f05c52696d07dcd43a492a9cb24f,,,,owner-confirmed-2026-07-21-dataset-expansion
printer-006,accepted,https://commons.wikimedia.org/wiki/File:FALHA_DO_CARTUCHO_DE_TINTA_-_O_QUE_FAZER.webm,https://upload.wikimedia.org/wikipedia/commons/transcoded/1/14/FALHA_DO_CARTUCHO_DE_TINTA_-_O_QUE_FAZER.webm/FALHA_DO_CARTUCHO_DE_TINTA_-_O_QUE_FAZER.webm.480p.vp9.webm,wikimedia_transcode,curl,data_video/raw/candidate_sources/printer-006.webm,2026-07-21T10:42:14.577252+00:00,12274015,e8e2ae0c31768243fd1d36391db1738a6c68bf9a707e0eba03ae8a8327048e25,,,,owner-confirmed-2026-07-21-dataset-expansion
printer-014,accepted,https://archive.org/details/youtube-mpo00dO4YFw,https://archive.org/download/youtube-mpo00dO4YFw/mpo00dO4YFw.mp4,h.264,requests,data_video/raw/archive_candidates/printer-014.mp4,2026-07-22T22:07:21.695895+00:00,119113011,37d4b0812de3a10893886a1d93500a0db809e793086f81dfbd9e904e9286aa5b,video/mp4,"""668306c3-7198533""","Mon, 01 Jul 2024 19:42:59 GMT",owner-confirmed-2026-07-21-dataset-expansion
printer-017,accepted,https://archive.org/details/fix-paper-jam-in-printer,https://archive.org/download/fix-paper-jam-in-printer/fix%20paper%20jam%20in%20printer.mp4,MPEG4,requests,data_video/raw/archive_candidates/printer-017.mp4,2026-07-22T22:07:42.086851+00:00,4279535,7c6a6317d46b723d1c1c0b4d0c80c8e58a5f7dabdba5abe77f9e1bf149903c03,video/mp4,"""696b1286-414cef""","Sat, 17 Jan 2026 04:39:34 GMT",owner-confirmed-2026-07-21-dataset-expansion
printer-020,accepted,https://archive.org/details/youtube-2wo_suktXOE,https://archive.org/download/youtube-2wo_suktXOE/2wo_suktXOE.mp4,h.264,requests,data_video/raw/archive_candidates/printer-020.mp4,2026-07-22T22:08:14.033889+00:00,11491533,4f939afe9269c8786c8e8271bf64c70ee6a282249f286e7f22f25ba436916676,video/mp4,"""63178603-af58cd""","Tue, 06 Sep 2022 17:40:19 GMT",owner-confirmed-2026-07-21-dataset-expansion
printer-021,accepted,https://archive.org/details/youtube-7_cXhCq-qeQ,https://archive.org/download/youtube-7_cXhCq-qeQ/7_cXhCq-qeQ.mp4,h.264,requests,data_video/raw/archive_candidates/printer-021.mp4,2026-07-22T22:08:30.628352+00:00,25673096,c624ea68a368f3a9b0d061d0f91e2ed4755eec3ad601cec9dc5395c7da4a6a4b,video/mp4,"""65283df7-187bd88""","Thu, 12 Oct 2023 18:41:59 GMT",owner-confirmed-2026-07-21-dataset-expansion
printer-024,accepted,https://archive.org/details/youtube-UEK4yY1NcEc,https://archive.org/download/youtube-UEK4yY1NcEc/UEK4yY1NcEc.mp4,MPEG4,requests,data_video/raw/archive_candidates/printer-024.mp4,2026-07-22T22:09:35.118461+00:00,97966328,a4c47126da2173b65773e60a754dd65d9be5033b5270f6ab99d97d40c52dece5,video/mp4,"""6682f8ec-5d6d8f8""","Mon, 01 Jul 2024 18:43:56 GMT",owner-confirmed-2026-07-21-dataset-expansion
printer-028,accepted,https://archive.org/details/youtube-ElnQiJlRYEI,https://archive.org/download/youtube-ElnQiJlRYEI/ElnQiJlRYEI.mp4,h.264,requests,data_video/raw/archive_candidates/printer-028.mp4,2026-07-22T22:10:46.128949+00:00,22070730,cfc915d07e1fcb72d74d67acbfd1510d9e5f9542315287d8086ca239bca4cd01,video/mp4,"""6528145b-150c5ca""","Thu, 12 Oct 2023 15:44:27 GMT",owner-confirmed-2026-07-21-dataset-expansion
printer-030,accepted,https://archive.org/details/youtube-10WLJY8r_Jc,https://archive.org/download/youtube-10WLJY8r_Jc/10WLJY8r_Jc.mp4,h.264,requests,data_video/raw/archive_candidates/printer-030.mp4,2026-07-22T22:11:21.761018+00:00,29184580,c02b950164358a6ec251fbb73eb35914b8c727694fc65f940353692736043462,video/mp4,"""6661bb25-1bd5244""","Thu, 06 Jun 2024 13:35:33 GMT",owner-confirmed-2026-07-21-dataset-expansion
printer-031,accepted,https://archive.org/details/youtube-SG2999EuGoo,https://archive.org/download/youtube-SG2999EuGoo/SG2999EuGoo.mp4,h.264,requests,data_video/raw/archive_candidates/printer-031.mp4,2026-07-22T22:11:36.491721+00:00,29575511,35806ce09e047246a6f62925c1b011680df049aeace484637b6c00349e41ebde,video/mp4,"""6661bbbd-1c34957""","Thu, 06 Jun 2024 13:38:05 GMT",owner-confirmed-2026-07-21-dataset-expansion
printer-032,accepted,https://archive.org/details/youtube-Wle8uA_bYoE,https://archive.org/download/youtube-Wle8uA_bYoE/Wle8uA_bYoE.mp4,h.264,requests,data_video/raw/archive_candidates/printer-032.mp4,2026-07-22T22:11:59.355450+00:00,33769222,ebfa368f4841be2eb6c7318b9ab10019b18a409cbebfa503641ef4eeaf986753,video/mp4,"""65281391-2034706""","Thu, 12 Oct 2023 15:41:05 GMT",owner-confirmed-2026-07-21-dataset-expansion
printer-033,accepted,https://archive.org/details/youtube-fU2ZXoJ4oE4,https://archive.org/download/youtube-fU2ZXoJ4oE4/fU2ZXoJ4oE4.mp4,h.264,requests,data_video/raw/archive_candidates/printer-033.mp4,2026-07-22T22:12:32.411606+00:00,71780937,5336354ceb66e465d434edacec7b723c78d8a007f951616b67ba0d2bbfbc5110,video/mp4,"""65285472-4474a49""","Thu, 12 Oct 2023 20:17:54 GMT",owner-confirmed-2026-07-21-dataset-expansion
vacuum-001,hold_privacy,https://commons.wikimedia.org/wiki/File:Industrial_vacuum_cleaner_in_operation.webm,https://upload.wikimedia.org/wikipedia/commons/transcoded/7/7e/Industrial_vacuum_cleaner_in_operation.webm/Industrial_vacuum_cleaner_in_operation.webm.360p.vp9.webm,wikimedia_transcode,curl,data_video/raw/authorized_sources/vacuum-001.webm,2026-07-16T14:00:31.807089+00:00,2269398,4b5708d5a23a322951f76962a871bf0b761ab005619d4df874dec30df85fb244,,,,owner-confirmed-2026-07-16-codex-task
vacuum-002,provisional_accept,"https://commons.wikimedia.org/wiki/File:A_vacuum_cleaner_manufactured_by_Miele,_purchased_2013.webm",https://upload.wikimedia.org/wikipedia/commons/transcoded/7/78/A_vacuum_cleaner_manufactured_by_Miele%2C_purchased_2013.webm/A_vacuum_cleaner_manufactured_by_Miele%2C_purchased_2013.webm.480p.vp9.webm,wikimedia_transcode,curl,data_video/raw/authorized_sources/vacuum-002.webm,2026-07-16T14:00:47.846713+00:00,926530,3973dc88640c9bce9abf181d9652107bd4e3a0148a11d6e74c89d47f4940f10a,,,,owner-confirmed-2026-07-16-codex-task
vacuum-003,accepted,https://commons.wikimedia.org/wiki/File:Robot_vacuum_cleaner_-_Japan_-_2024_June_24.webm,https://upload.wikimedia.org/wikipedia/commons/transcoded/3/32/Robot_vacuum_cleaner_-_Japan_-_2024_June_24.webm/Robot_vacuum_cleaner_-_Japan_-_2024_June_24.webm.480p.vp9.webm,wikimedia_transcode,existing_recovery,data_video/raw/candidate_sources/vacuum-003.webm,2026-07-21T10:29:55.103383+00:00,1537728,ff8f173e2e3570c158950b184f1570c65017ac86638bfe595c216fb574206216,,,,owner-confirmed-2026-07-21-dataset-expansion
vacuum-008,accepted,https://commons.wikimedia.org/wiki/File:A_day_in_the_life_of_NEATO_our_cleaning_bot.webm,https://upload.wikimedia.org/wikipedia/commons/transcoded/d/dc/A_day_in_the_life_of_NEATO_our_cleaning_bot.webm/A_day_in_the_life_of_NEATO_our_cleaning_bot.webm.480p.vp9.webm,wikimedia_transcode,existing_recovery,data_video/raw/candidate_sources/vacuum-008.webm,2026-07-21T10:30:00.294979+00:00,17553620,e6cfce931933424bc860fc2b479e33c502523cfdcca85c6ea80280715e2dcb73,,,,owner-confirmed-2026-07-21-dataset-expansion
vacuum-009,accepted,https://commons.wikimedia.org/wiki/File:Vacuuming_with_Snickerdoodle_(GEDC2330).webm,https://upload.wikimedia.org/wikipedia/commons/transcoded/f/f3/Vacuuming_with_Snickerdoodle_%28GEDC2330%29.webm/Vacuuming_with_Snickerdoodle_%28GEDC2330%29.webm.480p.vp9.webm,wikimedia_transcode,existing_recovery,data_video/raw/candidate_sources/vacuum-009.webm,2026-07-21T10:30:01.410589+00:00,7078941,4ec97206c8dcd7b0f7f00b783296cc4672c572e3e2cae3d9759197deeb8b3f17,,,,owner-confirmed-2026-07-21-dataset-expansion
vacuum-010,accepted,https://commons.wikimedia.org/wiki/File:Vorwerk_Kobold_VR100_in_Zeitraffer_im_B%C3%BCro.webm,https://upload.wikimedia.org/wikipedia/commons/transcoded/4/4c/Vorwerk_Kobold_VR100_in_Zeitraffer_im_B%C3%BCro.webm/Vorwerk_Kobold_VR100_in_Zeitraffer_im_B%C3%BCro.webm.480p.vp9.webm,wikimedia_transcode,existing_recovery,data_video/raw/candidate_sources/vacuum-010.webm,2026-07-21T10:30:02.466609+00:00,1268065,637d8034a115214879e048884627f06ccd389c7c04a71c3c081ec08ada5814c3,,,,owner-confirmed-2026-07-21-dataset-expansion
vacuum-034,accepted,https://archive.org/details/youtube-zcH8CT_xikE,https://archive.org/download/youtube-zcH8CT_xikE/zcH8CT_xikE.mp4,MPEG4,requests,data_video/raw/archive_candidates/vacuum-034.mp4,2026-07-22T22:15:48.047161+00:00,74907172,28385acda6e9b8d6219cc98d9db4c88f61ca03a9a1c2ac9c23d7b3cd16445f6e,video/mp4,"""63600920-476fe24""","Mon, 31 Oct 2022 17:42:56 GMT",owner-confirmed-2026-07-21-dataset-expansion
vacuum-038,accepted,https://archive.org/details/youtube-Dk6gd7CTQJw,https://archive.org/download/youtube-Dk6gd7CTQJw/Dk6gd7CTQJw.mp4,MPEG4,requests,data_video/raw/archive_candidates/vacuum-038.mp4,2026-07-22T22:16:16.771543+00:00,6887354,bdb2b210a5e1333da6e00ac8b794b44c8216a74553ac966debdc7e9c0572e292,video/mp4,"""636058f3-6917ba""","Mon, 31 Oct 2022 23:23:31 GMT",owner-confirmed-2026-07-21-dataset-expansion
vacuum-039,accepted,https://archive.org/details/japanese-vacuum-cleaner-commercial,https://archive.org/download/japanese-vacuum-cleaner-commercial/Japanese%20Vacuum%20Cleaner%20Commercial.mp4,MPEG4,requests,data_video/raw/archive_candidates/vacuum-039.mp4,2026-07-22T22:16:32.350850+00:00,9702477,2cc8b05753474c6289b5db3f470fa3c098d9dddd99de912b340944f64f4a2491,video/mp4,"""6194628b-940c4d""","Wed, 17 Nov 2021 02:01:47 GMT",owner-confirmed-2026-07-21-dataset-expansion
vacuum-044,accepted,https://archive.org/details/black-decker-vacuum-cleaner-power-pro-1991-commercial,https://archive.org/download/black-decker-vacuum-cleaner-power-pro-1991-commercial/Black%20%26%20Decker%20Vacuum%20Cleaner%20Power%20Pro%201991%20Commercial.ia.mp4,h.264 IA,requests,data_video/raw/archive_candidates/vacuum-044.mp4,2026-07-22T22:17:48.559279+00:00,1055700,6f0a650c5ca7200b4a995c0572337d60bf43421380e98ef91a665b8ec46dc9be,video/mp4,"""6328d985-101bd4""","Mon, 19 Sep 2022 21:05:09 GMT",owner-confirmed-2026-07-21-dataset-expansion
vacuum-053,accepted,https://archive.org/details/best-vacuum-cleaner-for-hardwood-floors,https://archive.org/download/best-vacuum-cleaner-for-hardwood-floors/Best%20vacuum%20cleaner%20for%20hardwood%20floors.ia.mp4,h.264 IA,requests,data_video/raw/archive_candidates/vacuum-053.mp4,2026-07-22T23:01:35.089758+00:00,9975182,fd676f1d4b65bc86f0bec3b206568bbcb668d4fd982f1ecccd9aa0bea3dcd188,video/mp4,"""640e1c21-98358e""","Sun, 12 Mar 2023 18:38:25 GMT",owner-confirmed-2026-07-21-dataset-expansion
vacuum-058,accepted,https://archive.org/details/youtube-MGZnlbK30v4,https://archive.org/download/youtube-MGZnlbK30v4/MGZnlbK30v4.mp4,MPEG4,requests,data_video/raw/archive_candidates/vacuum-058.mp4,2026-07-22T23:02:11.974144+00:00,2676231,6ab5e3c990b153723da99b47144065198673b7aa86c98d25bc45b7dea3b3a5de,video/mp4,"""63608221-28d607""","Tue, 01 Nov 2022 02:19:13 GMT",owner-confirmed-2026-07-21-dataset-expansion
vacuum-060,accepted,https://archive.org/details/youtube-QpDibOca3Tc,https://archive.org/download/youtube-QpDibOca3Tc/QpDibOca3Tc.mp4,MPEG4,requests,data_video/raw/archive_candidates/vacuum-060.mp4,2026-07-22T23:02:21.976708+00:00,4462393,5d98905d341e644a363656ef75c763ae0946a00e3099a28fa89041f8382bd305,video/mp4,"""63607b57-441739""","Tue, 01 Nov 2022 01:50:15 GMT",owner-confirmed-2026-07-21-dataset-expansion
washing-001,scope_review,https://commons.wikimedia.org/wiki/File:Video_of_Laundry_machines.webm,https://upload.wikimedia.org/wikipedia/commons/transcoded/9/94/Video_of_Laundry_machines.webm/Video_of_Laundry_machines.webm.480p.vp9.webm,wikimedia_transcode,curl,data_video/raw/authorized_sources/washing-001.webm,2026-07-16T13:59:57.693416+00:00,1242904,821d29e952ea63170d1d645e6c7390aee3d887bb4817e8135ebb2e1946d9468c,,,,owner-confirmed-2026-07-16-codex-task
washing-002,scope_review,https://commons.wikimedia.org/wiki/File:The_washing_machine_that_is_being_operated.webm,https://upload.wikimedia.org/wikipedia/commons/a/a2/The_washing_machine_that_is_being_operated.webm,original,requests,data_video/raw/authorized_sources/washing-002.webm,2026-07-16T13:43:14.689951+00:00,31724413,cf060289b3fbfd4a3ce824797ad7ae80ead4f2bab43ce2d93d60d2c7a7768ffd,video/webm,fb9db353ca4d4648133b953d3f49887f,"Thu, 07 Aug 2025 04:18:55 GMT",owner-confirmed-2026-07-16-codex-task
washing-003,provisional_accept,https://commons.wikimedia.org/wiki/File:Washing_machine_120fps.webm,https://upload.wikimedia.org/wikipedia/commons/transcoded/b/b4/Washing_machine_120fps.webm/Washing_machine_120fps.webm.480p.vp9.webm,wikimedia_transcode,curl,data_video/raw/authorized_sources/washing-003.webm,2026-07-16T14:00:14.988714+00:00,5246505,cd015c23369406a214cddc0248be1dcdb188c4a71b38958cfd642ba9bc9a4580,,,,owner-confirmed-2026-07-16-codex-task
washing-007,accepted,https://commons.wikimedia.org/wiki/File:Wringer_washer.webm,https://upload.wikimedia.org/wikipedia/commons/transcoded/9/90/Wringer_washer.webm/Wringer_washer.webm.480p.vp9.webm,wikimedia_transcode,existing_recovery,data_video/raw/candidate_sources/washing-007.webm,2026-07-21T10:29:29.548828+00:00,836365,2ed76f9afda46c6202dd06e9e1e6a7f24148098a41f091f0cb0f69d54b02f14a,,,,owner-confirmed-2026-07-21-dataset-expansion
washing-009,accepted,https://commons.wikimedia.org/wiki/File:Aerra%27s_Films_of_the_Ordinary_XV_--_Washing_machine_pythagorean_cup.webm,https://upload.wikimedia.org/wikipedia/commons/transcoded/a/a4/Aerra%27s_Films_of_the_Ordinary_XV_--_Washing_machine_pythagorean_cup.webm/Aerra%27s_Films_of_the_Ordinary_XV_--_Washing_machine_pythagorean_cup.webm.480p.vp9.webm,wikimedia_transcode,existing_recovery,data_video/raw/candidate_sources/washing-009.webm,2026-07-21T10:29:31.578480+00:00,2166944,57acc9451dee2abb86548f4a70169ead87f439d21fdc261624ebb43a8b3f185a,,,,owner-confirmed-2026-07-21-dataset-expansion
washing-011,accepted,https://commons.wikimedia.org/wiki/File:Crazy_Asko_washing_machine.webm,https://upload.wikimedia.org/wikipedia/commons/1/1b/Crazy_Asko_washing_machine.webm,wikimedia_transcode,existing_recovery,data_video/raw/candidate_sources/washing-011.webm,2026-07-21T10:29:33.903303+00:00,8391559,78ef45c531c29fee6fe564a91afe7a16043703710ceff3429beb2208e343e06e,,,,owner-confirmed-2026-07-21-dataset-expansion
washing-030,accepted,https://archive.org/details/youtube-jgiEcrlIpmA,https://archive.org/download/youtube-jgiEcrlIpmA/jgiEcrlIpmA.mp4,MPEG4,requests,data_video/raw/archive_candidates/washing-030.mp4,2026-07-22T22:19:03.520075+00:00,49356671,089baddd5d136eba019319a34560ec438bc92adff7818563f79637ae1664a093,video/mp4,"""69edd0e1-2f11f7f""","Sun, 26 Apr 2026 08:46:25 GMT",owner-confirmed-2026-07-21-dataset-expansion
washing-034,accepted,https://archive.org/details/washingMachine2_201808,https://archive.org/download/washingMachine2_201808/washingMachine2.ogv,Ogg Video,requests,data_video/raw/archive_candidates/washing-034.ogv,2026-07-22T22:19:34.887313+00:00,12503604,0e61120380f5dae9edb58cba787c3bdae77af1d020b022d7ca3fb19376b0008d,video/ogg,"""5b78a1aa-beca34""","Sat, 18 Aug 2018 22:46:02 GMT",owner-confirmed-2026-07-21-dataset-expansion
washing-049,accepted,https://archive.org/details/youtube-c8XiTdH9heQ,https://archive.org/download/youtube-c8XiTdH9heQ/c8XiTdH9heQ.mp4,MPEG4,requests,data_video/raw/archive_candidates/washing-049.mp4,2026-07-22T23:04:50.601535+00:00,9037640,843eb54bd8af76ba5a18de4e47dc8834b50e207ca2d52f44829ed56a7357279a,video/mp4,"""6323af96-89e748""","Thu, 15 Sep 2022 23:04:54 GMT",owner-confirmed-2026-07-21-dataset-expansion
washing-051,accepted,https://archive.org/details/youtube--5f6NURRjUs,https://archive.org/download/youtube--5f6NURRjUs/-5f6NURRjUs.mp4,MPEG4,requests,data_video/raw/archive_candidates/washing-051.mp4,2026-07-22T23:05:10.724019+00:00,15215916,3f8cbd588540c848cee9855adae2513ba0bb0fdbd18fd21d94543cb4d28df8fb,video/mp4,"""6320d4af-e82d2c""","Tue, 13 Sep 2022 19:06:23 GMT",owner-confirmed-2026-07-21-dataset-expansion
washing-052,accepted,https://archive.org/details/bigclive_20170917,https://archive.org/download/bigclive_20170917/bigclive_20170917.mp4,MPEG4,requests,data_video/raw/archive_candidates/washing-052.mp4,2026-07-22T23:06:14.644833+00:00,191236882,df1054917b58c33c2fe953f978dfdc2d004850bd9fc43ee127d88979f35e6173,video/mp4,"""66af2b4e-b660b12""","Sun, 04 Aug 2024 07:18:38 GMT",owner-confirmed-2026-07-21-dataset-expansion
washing-056,accepted,https://archive.org/details/youtube-TngLsmls00c,https://archive.org/download/youtube-TngLsmls00c/TngLsmls00c.mp4,MPEG4,requests,data_video/raw/archive_candidates/washing-056.mp4,2026-07-22T23:07:00.115917+00:00,12113540,f5b14ac1bf4bc1af74309cf08f644955f7bc1142c11613e9ba31c2eea1872a7d,video/mp4,"""6334bb26-b8d684""","Wed, 28 Sep 2022 21:22:46 GMT",owner-confirmed-2026-07-21-dataset-expansion
washing-062,accepted,https://archive.org/details/youtube-S_7pnxpmFcU,https://archive.org/download/youtube-S_7pnxpmFcU/S_7pnxpmFcU.mp4,MPEG4,requests,data_video/raw/archive_candidates/washing-062.mp4,2026-07-22T23:08:02.447587+00:00,8009058,a58af5b6da53efaeba99ea11eaa5c0f8b4a474a637ac7f27f1b55c08b47e32ce,video/mp4,"""63600a47-7a3562""","Mon, 31 Oct 2022 17:47:51 GMT",owner-confirmed-2026-07-21-dataset-expansion
