record_id,review_scope,ai_expected_product_class,ai_predicted_product_class,title,source_platform,source_page_url,creator,license_id,candidate_split,technical_decision,ai_decision,ai_procedure_relevance,ai_functional_step_visible,ai_visual_evidence,ai_uncertainty,sample_frame_paths,review_priority,prescreen_flags,reviewer_id,review_status,license_evidence_status,corrected_product_class,corrected_procedure_relevance,corrected_functional_step_visible,privacy_risk,safety_risk,correction_reason,final_decision,dataset_split,reviewed_at,bundle_video_path,bundle_frame_dir
airfryer-017,full_positive_review,Air Fryer,Air Fryer,Can I actually fix my kitchen air fryer?,Internet Archive,https://archive.org/details/youtube-3emzRi3gdiQ,FanboyFilms2,OWNER-WRITTEN-AUTHORIZATION,development_candidate,pass,retain_for_human_review,maintenance,yes,"Frames show disassembly of a black appliance with a vented base, internal heating element, and wiring, consistent with an air fryer being repaired or maintained.",,data_video/review/archive_candidate_frames/airfryer-017/sample_01.jpg|data_video/review/archive_candidate_frames/airfryer-017/sample_02.jpg|data_video/review/archive_candidate_frames/airfryer-017/sample_03.jpg|data_video/review/archive_candidate_frames/airfryer-017/sample_04.jpg|data_video/review/archive_candidate_frames/airfryer-017/sample_05.jpg,normal,,R1,completed,verified,Air Fryer,yes,yes,none,none,,accept,development,2026-07-23T06:13:41.000Z,,
airfryer-024,full_positive_review,Air Fryer,Air Fryer,NuWave Brio Digital Air Fryer,Internet Archive,https://archive.org/details/youtube-NmN53yuxr-U,NuWave LLC,OWNER-WRITTEN-AUTHORIZATION,development_candidate,pass,retain_for_human_review,operation,yes,"Frames show the NuWave Brio Digital Air Fryer being used to cook French fries, with a basket being removed and the control panel being operated to set temperature and time.",,data_video/review/archive_candidate_frames/airfryer-024/sample_01.jpg|data_video/review/archive_candidate_frames/airfryer-024/sample_02.jpg|data_video/review/archive_candidate_frames/airfryer-024/sample_03.jpg|data_video/review/archive_candidate_frames/airfryer-024/sample_04.jpg|data_video/review/archive_candidate_frames/airfryer-024/sample_05.jpg,normal,,R1,completed,verified,Air Fryer,yes,yes,none,none,,accept,development,2026-07-23T06:13:41.000Z,,
airfryer-026,full_positive_review,Air Fryer,Air Fryer,MontereyRecreation Presents: That's Good! Air Fryer Donuts Demo,Internet Archive,https://archive.org/details/monterca-MontereyRecreation_Presents_-_That_s_Good_Air_Fryer_Donuts_Demo,City of Monterey CA,OWNER-WRITTEN-AUTHORIZATION,development_candidate,pass,retain_for_human_review,operation,yes,"A black air fryer is visible on the counter in multiple frames. In frame 5, cooked donuts are shown on a rack next to the air fryer, indicating its use for cooking.",,data_video/review/archive_candidate_frames/airfryer-026/sample_01.jpg|data_video/review/archive_candidate_frames/airfryer-026/sample_02.jpg|data_video/review/archive_candidate_frames/airfryer-026/sample_03.jpg|data_video/review/archive_candidate_frames/airfryer-026/sample_04.jpg|data_video/review/archive_candidate_frames/airfryer-026/sample_05.jpg,normal,,R1,completed,verified,Air Fryer,yes,yes,none,none,,accept,development,2026-07-23T06:13:41.000Z,,
airfryer-027,full_positive_review,Air Fryer,Air Fryer,Cooking With Bob: Air Fryer or Oven Baked Buffalo Wings?,Internet Archive,https://archive.org/details/youtube-ohiGKnzmfAY,The American Patriot,OWNER-WRITTEN-AUTHORIZATION,development_candidate,pass,retain_for_human_review,operation,yes,"A black Gourmia air fryer is visible with its digital display showing '38' and a hand placing food into the basket. The context includes preparing buffalo wings, consistent with air fryer use.",,data_video/review/archive_candidate_frames/airfryer-027/sample_01.jpg|data_video/review/archive_candidate_frames/airfryer-027/sample_02.jpg|data_video/review/archive_candidate_frames/airfryer-027/sample_03.jpg|data_video/review/archive_candidate_frames/airfryer-027/sample_04.jpg|data_video/review/archive_candidate_frames/airfryer-027/sample_05.jpg,normal,,R1,completed,verified,Air Fryer,yes,yes,none,none,,accept,development,2026-07-23T06:13:41.000Z,,
airfryer-029,full_positive_review,Air Fryer,Air Fryer,Chicken Tandoori Recipe in Philips Airfryer by VahChef,Internet Archive,https://archive.org/details/youtube-DosjRtIxuEg,Vahchef - VahRehVah,OWNER-WRITTEN-AUTHORIZATION,source_disjoint_test_candidate,pass,retain_for_human_review,operation,yes,"A black air fryer is prominently displayed on the counter. The chef is shown placing raw chicken into the fryer basket and later removing cooked chicken from it, demonstrating its use for cooking.",,data_video/review/archive_candidate_frames/airfryer-029/sample_01.jpg|data_video/review/archive_candidate_frames/airfryer-029/sample_02.jpg|data_video/review/archive_candidate_frames/airfryer-029/sample_03.jpg|data_video/review/archive_candidate_frames/airfryer-029/sample_04.jpg|data_video/review/archive_candidate_frames/airfryer-029/sample_05.jpg,normal,,R1,completed,verified,Air Fryer,yes,yes,none,none,,accept,source_disjoint_test,2026-07-23T06:13:41.000Z,,
airfryer-030,full_positive_review,Air Fryer,Air Fryer,Cooking Healthy Snacks with an Air fryer - Hardin County Extension Today June 2019,Internet Archive,https://archive.org/details/hcectvky-Cooking_Healthy_Snacks_with_an_Air_fryer_-_Hardin_County_Extension_Today_June_2019,HCEC-TV,OWNER-WRITTEN-AUTHORIZATION,source_disjoint_test_candidate,pass,retain_for_human_review,operation,yes,"A black air fryer is visible on the counter. The woman is shown interacting with it, including placing food inside and handling its handle, while subtitles describe the cooking process and safety precautions.",,data_video/review/archive_candidate_frames/airfryer-030/sample_01.jpg|data_video/review/archive_candidate_frames/airfryer-030/sample_02.jpg|data_video/review/archive_candidate_frames/airfryer-030/sample_03.jpg|data_video/review/archive_candidate_frames/airfryer-030/sample_04.jpg|data_video/review/archive_candidate_frames/airfryer-030/sample_05.jpg,normal,,R1,completed,verified,Air Fryer,yes,yes,low,none,,accept,source_disjoint_test,2026-07-23T06:13:41.000Z,,
airfryer-032,full_positive_review,Air Fryer,Air Fryer,How To Clean Your Air Fryer → SMELLY DIRTY NEW Watch THIS!,Internet Archive,https://archive.org/details/how-to-clean-your-air-fryer-smelly-dirty-new-watch-this,Archive contributor,OWNER-WRITTEN-AUTHORIZATION,development_candidate,pass,retain_for_human_review,maintenance,yes,"Frames show cleaning the air fryer basket in the sink, wiping the exterior, and setting the digital control panel, all consistent with air fryer maintenance.",,data_video/review/archive_candidate_frames/airfryer-032/sample_01.jpg|data_video/review/archive_candidate_frames/airfryer-032/sample_02.jpg|data_video/review/archive_candidate_frames/airfryer-032/sample_03.jpg|data_video/review/archive_candidate_frames/airfryer-032/sample_04.jpg|data_video/review/archive_candidate_frames/airfryer-032/sample_05.jpg,normal,,R1,completed,verified,Air Fryer,yes,yes,none,none,,accept,development,2026-07-23T06:13:41.000Z,,
airfryer-033,full_positive_review,Air Fryer,Air Fryer,A DESTRUIÇÃO LEVA A CONSTRUÇÃO: AIRFRYER WALITA,Internet Archive,https://archive.org/details/ratao_frKY4As3ctXhnhf4,Archive contributor,CC-BY,development_candidate,pass,retain_for_human_review,maintenance,yes,"Frames show disassembly of an air fryer, including removal of the outer shell and internal components like wiring and motor, indicating maintenance or repair.",,data_video/review/archive_candidate_frames/airfryer-033/sample_01.jpg|data_video/review/archive_candidate_frames/airfryer-033/sample_02.jpg|data_video/review/archive_candidate_frames/airfryer-033/sample_03.jpg|data_video/review/archive_candidate_frames/airfryer-033/sample_04.jpg|data_video/review/archive_candidate_frames/airfryer-033/sample_05.jpg,normal,,R1,completed,verified,Air Fryer,yes,yes,none,none,,accept,development,2026-07-23T06:13:41.000Z,,
espresso-017,full_positive_review,Espresso Machine,Espresso Machine,How to fix Jura A1 Model Espresso Machine,Internet Archive,https://archive.org/details/how-to-fix-jura-a1-model-espresso-machine,Archive contributor,OWNER-WRITTEN-AUTHORIZATION,development_candidate,pass,retain_for_human_review,maintenance,yes,"The frames show a person disassembling a white machine with internal components like a water tank and wiring, consistent with servicing an espresso machine. Tools and coffee-related items (coffee bag) are visible, supporting the context.",,data_video/review/archive_candidate_frames/espresso-017/sample_01.jpg|data_video/review/archive_candidate_frames/espresso-017/sample_02.jpg|data_video/review/archive_candidate_frames/espresso-017/sample_03.jpg|data_video/review/archive_candidate_frames/espresso-017/sample_04.jpg|data_video/review/archive_candidate_frames/espresso-017/sample_05.jpg,normal,,R1,completed,verified,Espresso Machine,yes,yes,low,none,,accept,development,2026-07-23T06:13:41.000Z,,
espresso-018,full_positive_review,Espresso Machine,Espresso Machine,Portable espresso maker goes wherever you go,Internet Archive,https://archive.org/details/youtube-llFWIu51xb8,Insider,OWNER-WRITTEN-AUTHORIZATION,development_candidate,pass,retain_for_human_review,operation,yes,"Frames show a hand-operated device being used to grind coffee beans, which is a key step in espresso preparation. The text overlay confirms it's hand-operated and requires no batteries or electricity, consistent with a portable espresso maker. The context of travel and compactness further supports it being a portable espresso machine.",,data_video/review/archive_candidate_frames/espresso-018/sample_01.jpg|data_video/review/archive_candidate_frames/espresso-018/sample_02.jpg|data_video/review/archive_candidate_frames/espresso-018/sample_03.jpg|data_video/review/archive_candidate_frames/espresso-018/sample_04.jpg|data_video/review/archive_candidate_frames/espresso-018/sample_05.jpg,normal,,R1,completed,verified,Espresso Machine,yes,yes,none,none,,accept,development,2026-07-23T06:13:41.000Z,,
pressure-020,full_positive_review,Pressure Cooker,Pressure Cooker,How to make Basmati Rice in a Pressure Cooker,Internet Archive,https://archive.org/details/youtube-VrwddG6c1qA,Dave Hales,OWNER-WRITTEN-AUTHORIZATION,development_candidate,pass,retain_for_human_review,operation,yes,"A COSORI electric pressure cooker is prominently featured. Frames show rice being added to it, oil being poured in, and the control panel being used to set a timer, all indicating active use for cooking.",,data_video/review/archive_candidate_frames/pressure-020/sample_01.jpg|data_video/review/archive_candidate_frames/pressure-020/sample_02.jpg|data_video/review/archive_candidate_frames/pressure-020/sample_03.jpg|data_video/review/archive_candidate_frames/pressure-020/sample_04.jpg|data_video/review/archive_candidate_frames/pressure-020/sample_05.jpg,normal,,R1,completed,verified,Pressure Cooker,yes,yes,none,none,,accept,development,2026-07-23T06:13:41.000Z,,
pressure-026,full_positive_review,Pressure Cooker,Pressure Cooker,Diary Of An Arcade Employee Vidcast 05 (Atari's Pressure Cooker),Internet Archive,https://archive.org/details/DiaryOfAnArcadeEmployeeVidcast05PressureCooker,Vic Sage,OWNER-WRITTEN-AUTHORIZATION,development_candidate,pass,retain_for_human_review,operation,yes,"The game displays a character inside a pressure cooker-like environment with visible pressure gauge, control knobs, and a lid. The player interacts with elements like a pressure gauge and a lid, which are core to the pressure cooker's operation.",,data_video/review/archive_candidate_frames/pressure-026/sample_01.jpg|data_video/review/archive_candidate_frames/pressure-026/sample_02.jpg|data_video/review/archive_candidate_frames/pressure-026/sample_03.jpg|data_video/review/archive_candidate_frames/pressure-026/sample_04.jpg|data_video/review/archive_candidate_frames/pressure-026/sample_05.jpg,normal,,R1,completed,verified,Pressure Cooker,yes,yes,none,none,,accept,development,2026-07-23T06:13:41.000Z,,
pressure-027,full_positive_review,Pressure Cooker,Pressure Cooker,Pressure cooker keto chili,Internet Archive,https://archive.org/details/youtube-ymo46Al_M60,WTVR CBS 6,OWNER-WRITTEN-AUTHORIZATION,development_candidate,pass,retain_for_human_review,operation,yes,"A woman is shown interacting with a black multicooker appliance, lifting its lid and stirring its contents, which are consistent with pressure-cooking operations.",,data_video/review/archive_candidate_frames/pressure-027/sample_01.jpg|data_video/review/archive_candidate_frames/pressure-027/sample_02.jpg|data_video/review/archive_candidate_frames/pressure-027/sample_03.jpg|data_video/review/archive_candidate_frames/pressure-027/sample_04.jpg|data_video/review/archive_candidate_frames/pressure-027/sample_05.jpg,normal,,R1,completed,verified,Pressure Cooker,yes,yes,low,none,,accept,development,2026-07-23T06:13:41.000Z,,
pressure-028,full_positive_review,Pressure Cooker,Pressure Cooker,Instant Pot Risotto with Shrimp - Shrewsbury Community Cookbook,Internet Archive,https://archive.org/details/Instant_Pot_Risotto_with_Shrimp_-_Shrewsbury_Community_Cookbook,SMC,OWNER-WRITTEN-AUTHORIZATION,development_candidate,pass,retain_for_human_review,operation,yes,"A woman is actively stirring contents inside a stainless steel Instant Pot, which is an electric pressure cooker, on a kitchen counter. The appliance's digital display is visible, and ingredients are being added to the pot, indicating an active cooking operation.",,data_video/review/archive_candidate_frames/pressure-028/sample_01.jpg|data_video/review/archive_candidate_frames/pressure-028/sample_02.jpg|data_video/review/archive_candidate_frames/pressure-028/sample_03.jpg|data_video/review/archive_candidate_frames/pressure-028/sample_04.jpg|data_video/review/archive_candidate_frames/pressure-028/sample_05.jpg,normal,,R1,completed,verified,Pressure Cooker,yes,yes,low,none,,accept,development,2026-07-23T06:13:41.000Z,,
pressure-032,full_positive_review,Pressure Cooker,Pressure Cooker,Making a Beef Stew using a Pressure Cooker,Internet Archive,https://archive.org/details/scm-214736-usingapressurecooker,J Nelson,CC-BY-SA,source_disjoint_test_candidate,pass,retain_for_human_review,operation,yes,"A person is shown placing the lid on a pressure cooker on a stovetop, and later adding ingredients to it. The pressure cooker's distinctive lid and valve are clearly visible in multiple frames.",,data_video/review/archive_candidate_frames/pressure-032/sample_01.jpg|data_video/review/archive_candidate_frames/pressure-032/sample_02.jpg|data_video/review/archive_candidate_frames/pressure-032/sample_03.jpg|data_video/review/archive_candidate_frames/pressure-032/sample_04.jpg|data_video/review/archive_candidate_frames/pressure-032/sample_05.jpg,normal,,R1,completed,verified,Pressure Cooker,yes,yes,low,none,,accept,source_disjoint_test,2026-07-23T06:13:41.000Z,,
pressure-033,full_positive_review,Pressure Cooker,Pressure Cooker,Pressure Cooking is Easy as 1 - 2 -3 with Fagor Pressure Cookers,Internet Archive,https://archive.org/details/fagor-pressure-cooker,Fagor,OWNER-WRITTEN-AUTHORIZATION,source_disjoint_test_candidate,pass,retain_for_human_review,operation,yes,"Frames show a chef operating a pressure cooker, including closing the lid, placing the weight, and stirring contents while steam is visible. A sign reading 'PRESSURE COOKER' is also visible in one frame.",,data_video/review/archive_candidate_frames/pressure-033/sample_01.jpg|data_video/review/archive_candidate_frames/pressure-033/sample_02.jpg|data_video/review/archive_candidate_frames/pressure-033/sample_03.jpg|data_video/review/archive_candidate_frames/pressure-033/sample_04.jpg|data_video/review/archive_candidate_frames/pressure-033/sample_05.jpg,normal,,R1,completed,verified,Pressure Cooker,yes,yes,none,none,,accept,source_disjoint_test,2026-07-23T06:13:41.000Z,,
pressure-036,full_positive_review,Pressure Cooker,Pressure Cooker,Simfonio Simpot Pressure Cooker Review,Internet Archive,https://archive.org/details/youtube-CZ7moF9ZvlA,Dave Hales,OWNER-WRITTEN-AUTHORIZATION,development_candidate,pass,retain_for_human_review,operation,yes,"A person is shown using an electric pressure cooker, including opening it, setting a timer, and checking cooked food with tongs and a thermometer.",,data_video/review/archive_candidate_frames/pressure-036/sample_01.jpg|data_video/review/archive_candidate_frames/pressure-036/sample_02.jpg|data_video/review/archive_candidate_frames/pressure-036/sample_03.jpg|data_video/review/archive_candidate_frames/pressure-036/sample_04.jpg|data_video/review/archive_candidate_frames/pressure-036/sample_05.jpg,normal,,R1,completed,verified,Pressure Cooker,yes,yes,low,none,,accept,development,2026-07-23T06:13:41.000Z,,
pressure-037,full_positive_review,Pressure Cooker,Pressure Cooker,"The Instant Pot is a slow cooker, pressure cooker, and steamer, all in one",Internet Archive,https://archive.org/details/youtube-N-DG_bleUlg,Insider,OWNER-WRITTEN-AUTHORIZATION,development_candidate,pass,retain_for_human_review,operation,yes,"Frames show eggs being placed in a steamer basket inside an Instant Pot, the control panel being set to 30 minutes, and the appliance being used to cook pulled pork and mac and cheese, all consistent with pressure cooker operations.",,data_video/review/archive_candidate_frames/pressure-037/sample_01.jpg|data_video/review/archive_candidate_frames/pressure-037/sample_02.jpg|data_video/review/archive_candidate_frames/pressure-037/sample_03.jpg|data_video/review/archive_candidate_frames/pressure-037/sample_04.jpg|data_video/review/archive_candidate_frames/pressure-037/sample_05.jpg,normal,,R1,completed,verified,Pressure Cooker,yes,yes,none,none,,accept,development,2026-07-23T06:13:41.000Z,,
pressure-040,full_positive_review,Pressure Cooker,Pressure Cooker,Making Butternut Pumpkin Soup with Stacey Springer,Internet Archive,https://archive.org/details/prkcitut-Making_Butternut_Pumpkin_Soup_with_Stacey_Springer,Park City Television,OWNER-WRITTEN-AUTHORIZATION,development_candidate,pass,retain_for_human_review,operation,yes,"A silver electric pressure cooker is prominently displayed on the counter. In frame 4, the chef is actively interacting with it, lifting the lid and gesturing towards its controls while explaining the process. Ingredients like chicken stock and pumpkin are arranged nearby, indicating a cooking demonstration.",,data_video/review/archive_candidate_frames/pressure-040/sample_01.jpg|data_video/review/archive_candidate_frames/pressure-040/sample_02.jpg|data_video/review/archive_candidate_frames/pressure-040/sample_03.jpg|data_video/review/archive_candidate_frames/pressure-040/sample_04.jpg|data_video/review/archive_candidate_frames/pressure-040/sample_05.jpg,normal,,R1,completed,verified,Pressure Cooker,yes,yes,none,none,,accept,development,2026-07-23T06:13:41.000Z,,
printer-014,full_positive_review,Printer,Printer,hp printer cartridge cleaning | How to clean hp printer cartridge | hp printer cartridge | in Hindi,Internet Archive,https://archive.org/details/youtube-mpo00dO4YFw,Techno Star,OWNER-WRITTEN-AUTHORIZATION,development_candidate,pass,retain_for_human_review,maintenance,yes,"Frames show hands disassembling and cleaning an HP ink cartridge, including inserting a cleaning tool and showing the cartridge next to an HP GT51 ink bottle.",,data_video/review/archive_candidate_frames/printer-014/sample_01.jpg|data_video/review/archive_candidate_frames/printer-014/sample_02.jpg|data_video/review/archive_candidate_frames/printer-014/sample_03.jpg|data_video/review/archive_candidate_frames/printer-014/sample_04.jpg|data_video/review/archive_candidate_frames/printer-014/sample_05.jpg,normal,,R1,completed,verified,Printer,yes,yes,none,none,,accept,development,2026-07-23T06:13:41.000Z,,
printer-017,full_positive_review,Printer,Printer,Step by Step Guide to Fix Paper Jam in Printer,Internet Archive,https://archive.org/details/fix-paper-jam-in-printer,Archive contributor,OWNER-WRITTEN-AUTHORIZATION,development_candidate,pass,retain_for_human_review,troubleshooting,yes,"Frames show steps to fix printer paper jams, including identifying causes, opening panels, cleaning rollers, reloading paper, and troubleshooting persistent issues.",,data_video/review/archive_candidate_frames/printer-017/sample_01.jpg|data_video/review/archive_candidate_frames/printer-017/sample_02.jpg|data_video/review/archive_candidate_frames/printer-017/sample_03.jpg|data_video/review/archive_candidate_frames/printer-017/sample_04.jpg|data_video/review/archive_candidate_frames/printer-017/sample_05.jpg,normal,,R1,completed,verified,Printer,yes,yes,none,none,,accept,development,2026-07-23T06:13:41.000Z,,
printer-020,full_positive_review,Printer,Printer,How to Fix (Reset) Canon Printer Error Code 5B00,Internet Archive,https://archive.org/details/youtube-2wo_suktXOE,yelnats,OWNER-WRITTEN-AUTHORIZATION,development_candidate,pass,retain_for_human_review,troubleshooting,yes,"The video shows a printer control panel with buttons labeled 'Stop', 'Black', 'Start', and 'Color'. Text overlays instruct to press and hold the 'Stop' button, then press the 'Power' button, and to press 'Stop' five times continuously. The printer is shown resetting and printing a test page.",,data_video/review/archive_candidate_frames/printer-020/sample_01.jpg|data_video/review/archive_candidate_frames/printer-020/sample_02.jpg|data_video/review/archive_candidate_frames/printer-020/sample_03.jpg|data_video/review/archive_candidate_frames/printer-020/sample_04.jpg|data_video/review/archive_candidate_frames/printer-020/sample_05.jpg,normal,,R1,completed,verified,Printer,yes,yes,none,none,,accept,development,2026-07-23T06:13:41.000Z,,
printer-021,full_positive_review,Printer,Printer,Canon Printer E03 OR P03 error problem solve 100 % || Canon Printer Paper Jam Error Problem fix,Internet Archive,https://archive.org/details/youtube-7_cXhCq-qeQ,Surajit Printer Point,OWNER-WRITTEN-AUTHORIZATION,development_candidate,pass,retain_for_human_review,maintenance,yes,"Frames show a hand loading paper into a printer, operating the printer's control panel, disassembling the printer to access internal gears and components, and holding a small mechanical part. This sequence indicates troubleshooting or maintenance of a printer, consistent with the expected class.",,data_video/review/archive_candidate_frames/printer-021/sample_01.jpg|data_video/review/archive_candidate_frames/printer-021/sample_02.jpg|data_video/review/archive_candidate_frames/printer-021/sample_03.jpg|data_video/review/archive_candidate_frames/printer-021/sample_04.jpg|data_video/review/archive_candidate_frames/printer-021/sample_05.jpg,normal,,R1,completed,verified,Printer,yes,yes,none,none,,accept,development,2026-07-23T06:13:41.000Z,,
printer-024,full_positive_review,Printer,Printer,How to Clean Epson Block Head on Epson L805/L800 Printer detail information,Internet Archive,https://archive.org/details/youtube-UEK4yY1NcEc,TECHNICAL JASIS,OWNER-WRITTEN-AUTHORIZATION,development_candidate,pass,retain_for_human_review,maintenance,yes,"A disassembled printer is on a workbench. A person wearing gloves is shown injecting liquid into a black printhead component, which is a maintenance step for a printer.",,data_video/review/archive_candidate_frames/printer-024/sample_01.jpg|data_video/review/archive_candidate_frames/printer-024/sample_02.jpg|data_video/review/archive_candidate_frames/printer-024/sample_03.jpg|data_video/review/archive_candidate_frames/printer-024/sample_04.jpg|data_video/review/archive_candidate_frames/printer-024/sample_05.jpg,normal,,R1,completed,verified,Printer,yes,yes,low,none,,accept,development,2026-07-23T06:13:41.000Z,,
printer-028,full_positive_review,Printer,Printer,how to reset canon g2010 printer | Easy Without Programs!,Internet Archive,https://archive.org/details/youtube-ElnQiJlRYEI,SRC TECHNOLOGY- NEWS,OWNER-WRITTEN-AUTHORIZATION,development_candidate,pass,retain_for_human_review,troubleshooting,yes,"A Canon printer is shown with a hand pressing the 'Start' button on its control panel, which displays a number. The printer's brand and ink tank area are visible, indicating it is an inkjet model.",,data_video/review/archive_candidate_frames/printer-028/sample_01.jpg|data_video/review/archive_candidate_frames/printer-028/sample_02.jpg|data_video/review/archive_candidate_frames/printer-028/sample_03.jpg|data_video/review/archive_candidate_frames/printer-028/sample_04.jpg|data_video/review/archive_candidate_frames/printer-028/sample_05.jpg,normal,,R1,completed,verified,Printer,yes,yes,none,none,,accept,development,2026-07-23T06:13:41.000Z,,
printer-030,full_positive_review,Printer,Printer,How to Scan Document or Photo from Canon G2010 Printer | Step by Step | Canon Pixma G2010 | In Hindi,Internet Archive,https://archive.org/details/youtube-10WLJY8r_Jc,SM Techno Hindi,OWNER-WRITTEN-AUTHORIZATION,development_candidate,pass,retain_for_human_review,operation,yes,"Frames show a Canon G2010 printer on a desk with a document being scanned. The user opens the 'Canon IJ Scan Utility' software, which is specifically for scanning documents and photos from this printer model. The utility window displays scan options like 'Auto', 'Document', 'Photo', etc., indicating an active scanning procedure.",,data_video/review/archive_candidate_frames/printer-030/sample_01.jpg|data_video/review/archive_candidate_frames/printer-030/sample_02.jpg|data_video/review/archive_candidate_frames/printer-030/sample_03.jpg|data_video/review/archive_candidate_frames/printer-030/sample_04.jpg|data_video/review/archive_candidate_frames/printer-030/sample_05.jpg,normal,,R1,completed,verified,Printer,yes,yes,none,none,,accept,development,2026-07-23T06:13:41.000Z,,
printer-031,full_positive_review,Printer,Printer,How to Scan Document or Photo from Canon G2010 Printer | Canon G2010 Scan Kaise Kare,Internet Archive,https://archive.org/details/youtube-SG2999EuGoo,Tech SD Support,OWNER-WRITTEN-AUTHORIZATION,development_candidate,pass,retain_for_human_review,operation,yes,"Frames show a Canon G2010 printer being operated, including opening the scanner lid, pressing buttons, and using the 'Import Pictures and Videos' window to import scanned images.",,data_video/review/archive_candidate_frames/printer-031/sample_01.jpg|data_video/review/archive_candidate_frames/printer-031/sample_02.jpg|data_video/review/archive_candidate_frames/printer-031/sample_03.jpg|data_video/review/archive_candidate_frames/printer-031/sample_04.jpg|data_video/review/archive_candidate_frames/printer-031/sample_05.jpg,normal,,R1,completed,verified,Printer,yes,yes,none,none,,accept,development,2026-07-23T06:13:41.000Z,,
printer-032,full_positive_review,Printer,Printer,HOW TO RESET CANON G2010 PIXMA PRINTER (Support code: 5B00),Internet Archive,https://archive.org/details/youtube-Wle8uA_bYoE,mikbes,OWNER-WRITTEN-AUTHORIZATION,development_candidate,pass,retain_for_human_review,troubleshooting,yes,"A hand is pressing the power button on a Canon G2010 printer, which is a visible troubleshooting step for resetting the device.",,data_video/review/archive_candidate_frames/printer-032/sample_01.jpg|data_video/review/archive_candidate_frames/printer-032/sample_02.jpg|data_video/review/archive_candidate_frames/printer-032/sample_03.jpg|data_video/review/archive_candidate_frames/printer-032/sample_04.jpg|data_video/review/archive_candidate_frames/printer-032/sample_05.jpg,normal,,R1,completed,verified,Printer,yes,yes,none,none,,accept,development,2026-07-23T06:13:41.000Z,,
printer-033,full_positive_review,Printer,Printer,Canon G2010 E03 error Problem Solve 100 % II Canon Printer Paper Jam Solution P03 error,Internet Archive,https://archive.org/details/youtube-fU2ZXoJ4oE4,Surajit Printer Point,OWNER-WRITTEN-AUTHORIZATION,development_candidate,pass,retain_for_human_review,maintenance,yes,"Frames show disassembled printer components being handled, including gears and plastic parts, with a Canon printer visible in frame 5. The text overlay 'Like, Share & Subscribe' suggests a tutorial context for fixing a printer error.",,data_video/review/archive_candidate_frames/printer-033/sample_01.jpg|data_video/review/archive_candidate_frames/printer-033/sample_02.jpg|data_video/review/archive_candidate_frames/printer-033/sample_03.jpg|data_video/review/archive_candidate_frames/printer-033/sample_04.jpg|data_video/review/archive_candidate_frames/printer-033/sample_05.jpg,normal,,R1,completed,verified,Printer,yes,yes,none,none,,accept,development,2026-07-23T06:13:41.000Z,,
vacuum-034,full_positive_review,Vacuum,Vacuum,[LG Vacuum cleaner] - How to disassemble and assemble the A9 Tower All-in-one station,Internet Archive,https://archive.org/details/youtube-zcH8CT_xikE,LG customer support Europe_official,OWNER-WRITTEN-AUTHORIZATION,development_candidate,pass,retain_for_human_review,maintenance,yes,"Frames show disassembly of a black appliance with a motor and wiring, consistent with a vacuum cleaner's internal components. A hand is seen removing panels and handling wires, indicating maintenance or repair.",,data_video/review/archive_candidate_frames/vacuum-034/sample_01.jpg|data_video/review/archive_candidate_frames/vacuum-034/sample_02.jpg|data_video/review/archive_candidate_frames/vacuum-034/sample_03.jpg|data_video/review/archive_candidate_frames/vacuum-034/sample_04.jpg|data_video/review/archive_candidate_frames/vacuum-034/sample_05.jpg,normal,,R1,completed,verified,Vacuum,yes,yes,none,none,,accept,development,2026-07-23T06:13:41.000Z,,
vacuum-038,full_positive_review,Vacuum,Vacuum,How to recharge the battery of your Samsung Jet™ vacuum cleaner,Internet Archive,https://archive.org/details/youtube-Dk6gd7CTQJw,Samsung India,OWNER-WRITTEN-AUTHORIZATION,development_candidate,pass,retain_for_human_review,maintenance,yes,"Frames show a vacuum cleaner battery being removed from the device, charged on a desk charger, and reinserted, with text overlays explaining the process.",,data_video/review/archive_candidate_frames/vacuum-038/sample_01.jpg|data_video/review/archive_candidate_frames/vacuum-038/sample_02.jpg|data_video/review/archive_candidate_frames/vacuum-038/sample_03.jpg|data_video/review/archive_candidate_frames/vacuum-038/sample_04.jpg|data_video/review/archive_candidate_frames/vacuum-038/sample_05.jpg,normal,,R1,completed,verified,Vacuum,yes,yes,none,none,,accept,development,2026-07-23T06:13:41.000Z,,
vacuum-039,full_positive_review,Vacuum,Vacuum,Ultraman -ish Vacuum Cleaner Commercial,Internet Archive,https://archive.org/details/japanese-vacuum-cleaner-commercial,Archive contributor,OWNER-WRITTEN-AUTHORIZATION,development_candidate,pass,retain_for_human_review,operation,yes,"Frames show a child using a vacuum cleaner, with close-ups of its internal mechanism labeled '自動回転チリ落し装置' (Automatic rotating dust ejection device), and footage of debris being sucked up and expelled.",,data_video/review/archive_candidate_frames/vacuum-039/sample_01.jpg|data_video/review/archive_candidate_frames/vacuum-039/sample_02.jpg|data_video/review/archive_candidate_frames/vacuum-039/sample_03.jpg|data_video/review/archive_candidate_frames/vacuum-039/sample_04.jpg|data_video/review/archive_candidate_frames/vacuum-039/sample_05.jpg,normal,,R1,completed,verified,Vacuum,yes,yes,none,none,,accept,development,2026-07-23T06:13:41.000Z,,
vacuum-044,full_positive_review,Vacuum,Vacuum,Black & Decker Vacuum Cleaner Power Pro 1991 Commercial,Internet Archive,https://archive.org/details/black-decker-vacuum-cleaner-power-pro-1991-commercial,Archive contributor,OWNER-WRITTEN-AUTHORIZATION,development_candidate,pass,retain_for_human_review,operation,yes,"A handheld vacuum cleaner is shown being operated to clean a glass, demonstrating its suction function.",,data_video/review/archive_candidate_frames/vacuum-044/sample_01.jpg|data_video/review/archive_candidate_frames/vacuum-044/sample_02.jpg|data_video/review/archive_candidate_frames/vacuum-044/sample_03.jpg|data_video/review/archive_candidate_frames/vacuum-044/sample_04.jpg|data_video/review/archive_candidate_frames/vacuum-044/sample_05.jpg,normal,,R1,completed,verified,Vacuum,yes,yes,none,none,,accept,development,2026-07-23T06:13:41.000Z,,
vacuum-053,full_positive_review,Vacuum,Vacuum,Best Vacuum Cleaner For Hardwood Floors,Internet Archive,https://archive.org/details/best-vacuum-cleaner-for-hardwood-floors,Archive contributor,OWNER-WRITTEN-AUTHORIZATION,development_candidate,pass,retain_for_human_review,operation,yes,"Multiple frames show vacuum cleaners in use or positioned for use on hardwood floors, including a cordless model and a red upright model actively cleaning a rug. The text in frames 1 and 2 explicitly promotes a vacuum cleaner for hardwood floors.",,data_video/review/archive_candidate_frames/vacuum-053/sample_01.jpg|data_video/review/archive_candidate_frames/vacuum-053/sample_02.jpg|data_video/review/archive_candidate_frames/vacuum-053/sample_03.jpg|data_video/review/archive_candidate_frames/vacuum-053/sample_04.jpg|data_video/review/archive_candidate_frames/vacuum-053/sample_05.jpg,normal,,R1,completed,verified,Vacuum,yes,yes,none,none,,accept,development,2026-07-23T06:13:41.000Z,,
vacuum-058,full_positive_review,Vacuum,Vacuum,Samsung Jet™ Pet Vacuum Cleaner and Clean Station™ | Samsung UK,Internet Archive,https://archive.org/details/youtube-MGZnlbK30v4,Samsung UK,OWNER-WRITTEN-AUTHORIZATION,development_candidate,pass,retain_for_human_review,maintenance,yes,"Frames show a vacuum cleaner head cleaning a couch and rug, and a hand emptying the dustbin into a cleaning station, demonstrating maintenance.",,data_video/review/archive_candidate_frames/vacuum-058/sample_01.jpg|data_video/review/archive_candidate_frames/vacuum-058/sample_02.jpg|data_video/review/archive_candidate_frames/vacuum-058/sample_03.jpg|data_video/review/archive_candidate_frames/vacuum-058/sample_04.jpg|data_video/review/archive_candidate_frames/vacuum-058/sample_05.jpg,normal,,R1,completed,verified,Vacuum,yes,yes,none,none,,accept,development,2026-07-23T06:13:41.000Z,,
vacuum-060,full_positive_review,Vacuum,Vacuum,Energy efficient Digital Inverter Motor | The new Samsung Jet™ Vacuum Cleaner,Internet Archive,https://archive.org/details/youtube-QpDibOca3Tc,Samsung India,OWNER-WRITTEN-AUTHORIZATION,development_candidate,pass,retain_for_human_review,operation,yes,"Frames show a handheld vacuum cleaner being operated on a wooden floor, with a digital display on the handle, and a close-up of its motor components. The vacuum is actively cleaning a spill, demonstrating its use.",,data_video/review/archive_candidate_frames/vacuum-060/sample_01.jpg|data_video/review/archive_candidate_frames/vacuum-060/sample_02.jpg|data_video/review/archive_candidate_frames/vacuum-060/sample_03.jpg|data_video/review/archive_candidate_frames/vacuum-060/sample_04.jpg|data_video/review/archive_candidate_frames/vacuum-060/sample_05.jpg,normal,,R1,completed,verified,Vacuum,yes,yes,none,none,,accept,development,2026-07-23T06:13:41.000Z,,
washing-030,full_positive_review,Washing Machine,Washing Machine,"Whirlpool Aqua Line AWM1850 Washer, Maintenance Wash on White Cottons 95 (Programme 2) (3/3)",Internet Archive,https://archive.org/details/youtube-jgiEcrlIpmA,0000158,OWNER-WRITTEN-AUTHORIZATION,development_candidate,pass,retain_for_human_review,maintenance,yes,"A front-loading washing machine drum is visible, with a dark, wet interior and a handle on the left. A dark fabric item is briefly inserted and removed, suggesting a maintenance or cleaning action.",,data_video/review/archive_candidate_frames/washing-030/sample_01.jpg|data_video/review/archive_candidate_frames/washing-030/sample_02.jpg|data_video/review/archive_candidate_frames/washing-030/sample_03.jpg|data_video/review/archive_candidate_frames/washing-030/sample_04.jpg|data_video/review/archive_candidate_frames/washing-030/sample_05.jpg,normal,,R1,completed,verified,Washing Machine,yes,yes,none,none,,accept,development,2026-07-23T06:13:41.000Z,,
washing-034,full_positive_review,Washing Machine,Washing Machine,Front Loading Washing Machine In Action,Internet Archive,https://archive.org/details/washingMachine2_201808,na5m,OWNER-WRITTEN-AUTHORIZATION,development_candidate,pass,retain_for_human_review,operation,yes,"Frames show the interior of a drum with clothes and water, with visible agitation and water splashing, consistent with a washing cycle in progress.",,data_video/review/archive_candidate_frames/washing-034/sample_01.jpg|data_video/review/archive_candidate_frames/washing-034/sample_02.jpg|data_video/review/archive_candidate_frames/washing-034/sample_03.jpg|data_video/review/archive_candidate_frames/washing-034/sample_04.jpg|data_video/review/archive_candidate_frames/washing-034/sample_05.jpg,normal,,R1,completed,verified,Washing Machine,yes,yes,none,none,,accept,development,2026-07-23T06:13:41.000Z,,
washing-049,full_positive_review,Washing Machine,Washing Machine,LG Washer - Tub Cleaning and Maintenance,Internet Archive,https://archive.org/details/youtube-c8XiTdH9heQ,LG USA,OWNER-WRITTEN-AUTHORIZATION,development_candidate,pass,retain_for_human_review,maintenance,yes,"Frames show a washing machine with instructions for tub cleaning, including adding cleaning products, selecting the 'Tub Clean' cycle, and leaving the door ajar to dry.",,data_video/review/archive_candidate_frames/washing-049/sample_01.jpg|data_video/review/archive_candidate_frames/washing-049/sample_02.jpg|data_video/review/archive_candidate_frames/washing-049/sample_03.jpg|data_video/review/archive_candidate_frames/washing-049/sample_04.jpg|data_video/review/archive_candidate_frames/washing-049/sample_05.jpg,normal,,R1,completed,verified,Washing Machine,yes,yes,none,none,,accept,development,2026-07-23T06:13:41.000Z,,
washing-051,full_positive_review,Washing Machine,Washing Machine,LG Washer : How to repair Operation Issues | LG,Internet Archive,https://archive.org/details/youtube--5f6NURRjUs,LG Global,OWNER-WRITTEN-AUTHORIZATION,development_candidate,pass,retain_for_human_review,troubleshooting,yes,"Frames show an LG washing machine with on-screen text and graphics for troubleshooting: 'Power Down' (unplugging), 'Buttons Not Functioning' (deactivating Control Lock), 'Water is Not Filling Properly' (checking hoses), and 'Water Leaking or Not Draining Properly' (showing drain hose).",,data_video/review/archive_candidate_frames/washing-051/sample_01.jpg|data_video/review/archive_candidate_frames/washing-051/sample_02.jpg|data_video/review/archive_candidate_frames/washing-051/sample_03.jpg|data_video/review/archive_candidate_frames/washing-051/sample_04.jpg|data_video/review/archive_candidate_frames/washing-051/sample_05.jpg,normal,,R1,completed,verified,Washing Machine,yes,yes,none,none,,accept,development,2026-07-23T06:13:41.000Z,,
washing-052,full_positive_review,Washing Machine,Washing Machine,Inside my new British washing machine (clothes washer).,Internet Archive,https://archive.org/details/bigclive_20170917,Big Clive,OWNER-WRITTEN-AUTHORIZATION,development_candidate,pass,retain_for_human_review,maintenance,yes,"Frames show the interior of a washing machine with the lid open, revealing the drum, motor, wiring, and internal components, consistent with maintenance or repair activity.",,data_video/review/archive_candidate_frames/washing-052/sample_01.jpg|data_video/review/archive_candidate_frames/washing-052/sample_02.jpg|data_video/review/archive_candidate_frames/washing-052/sample_03.jpg|data_video/review/archive_candidate_frames/washing-052/sample_04.jpg|data_video/review/archive_candidate_frames/washing-052/sample_05.jpg,normal,,R1,completed,verified,Washing Machine,yes,yes,none,none,,accept,development,2026-07-23T06:13:41.000Z,,
washing-056,full_positive_review,Washing Machine,Washing Machine,How to select wash cycles on your Samsung Washing Machine,Internet Archive,https://archive.org/details/youtube-TngLsmls00c,Samsung UK,OWNER-WRITTEN-AUTHORIZATION,development_candidate,pass,retain_for_human_review,operation,yes,"Frames show a hand interacting with a washing machine's control panel, selecting wash cycles (e.g., 'Eco 40-60', 'Cotton'), adjusting water temperature, changing spin speed, and using a delay end feature. A smartphone app for cycle suggestions is also shown.",,data_video/review/archive_candidate_frames/washing-056/sample_01.jpg|data_video/review/archive_candidate_frames/washing-056/sample_02.jpg|data_video/review/archive_candidate_frames/washing-056/sample_03.jpg|data_video/review/archive_candidate_frames/washing-056/sample_04.jpg|data_video/review/archive_candidate_frames/washing-056/sample_05.jpg,normal,,R1,completed,verified,Washing Machine,yes,yes,none,none,,accept,development,2026-07-23T06:13:41.000Z,,
washing-062,full_positive_review,Washing Machine,Washing Machine,LG Washer : How to repair Washing Machine Performance Issues | LG,Internet Archive,https://archive.org/details/youtube-S_7pnxpmFcU,LG Malaysia,OWNER-WRITTEN-AUTHORIZATION,development_candidate,pass,retain_for_human_review,troubleshooting,yes,"Frames show an LG washing machine with on-screen text and graphics addressing common issues like wrinkling (due to low spin speed or leaving laundry in the drum) and poor stain removal (due to set-in stains or mixing soiled items). Specific steps like adjusting spin speed, pre-treating stains, and separating laundry are visually indicated.",,data_video/review/archive_candidate_frames/washing-062/sample_01.jpg|data_video/review/archive_candidate_frames/washing-062/sample_02.jpg|data_video/review/archive_candidate_frames/washing-062/sample_03.jpg|data_video/review/archive_candidate_frames/washing-062/sample_04.jpg|data_video/review/archive_candidate_frames/washing-062/sample_05.jpg,normal,,R1,completed,verified,Washing Machine,yes,yes,none,none,,accept,development,2026-07-23T06:13:41.000Z,,
espresso-040,full_positive_review,Espresso Machine,Espresso Machine,Making Espresso with Modern Coffee Machine,,https://www.pexels.com/video/making-espresso-with-modern-coffee-machine-34780936/,Diego Castro Calderon,PEXELS-CONTENT-LICENSE,development_candidate,,retain_for_human_review,operation,yes,"A hand is seen interacting with the portafilter of a Ninja brand coffee machine, which is identifiable as an espresso machine by its design and portafilter mechanism. The action appears to be locking or unlocking the portafilter, a key operational step in preparing espresso.",,,normal,,R1,completed,verified,Espresso Machine,yes,yes,none,none,AI判断正确，视频为Ninja意式咖啡机制作浓缩咖啡的操作，包含安装手柄、锁止、按键启动萃取等完整使用步骤,accept,development,2026-07-23,items/espresso-040/video.mp4,items/espresso-040/frames
