scene_id,record_id,status,frame_count,frame_paths_json,model,model_revision,device,dtype,prompt_version,processed_at,error
camera-001-scene-0001,camera-001,success,2,"[""data_video/vlm_frames/camera-001-scene-0001/frame_01.jpg"",""data_video/vlm_frames/camera-001-scene-0001/frame_02.jpg""]",Qwen/Qwen3-VL-8B-Instruct,0c351dd01ed87e9c1b53cbc748cba10e6187ff3b,cuda:0,bfloat16,catalog-grounded-visible-scene-json-v2,2026-07-20T05:47:08.478137+00:00,
camera-001-scene-0002,camera-001,success,3,"[""data_video/vlm_frames/camera-001-scene-0002/frame_01.jpg"",""data_video/vlm_frames/camera-001-scene-0002/frame_02.jpg"",""data_video/vlm_frames/camera-001-scene-0002/frame_03.jpg""]",Qwen/Qwen3-VL-8B-Instruct,0c351dd01ed87e9c1b53cbc748cba10e6187ff3b,cuda:0,bfloat16,catalog-grounded-visible-scene-json-v2,2026-07-20T05:47:14.534309+00:00,
camera-001-scene-0003,camera-001,success,2,"[""data_video/vlm_frames/camera-001-scene-0003/frame_01.jpg"",""data_video/vlm_frames/camera-001-scene-0003/frame_02.jpg""]",Qwen/Qwen3-VL-8B-Instruct,0c351dd01ed87e9c1b53cbc748cba10e6187ff3b,cuda:0,bfloat16,catalog-grounded-visible-scene-json-v2,2026-07-20T05:47:21.261821+00:00,
camera-001-scene-0004,camera-001,success,2,"[""data_video/vlm_frames/camera-001-scene-0004/frame_01.jpg"",""data_video/vlm_frames/camera-001-scene-0004/frame_02.jpg""]",Qwen/Qwen3-VL-8B-Instruct,0c351dd01ed87e9c1b53cbc748cba10e6187ff3b,cuda:0,bfloat16,catalog-grounded-visible-scene-json-v2,2026-07-20T05:47:27.117021+00:00,
camera-001-scene-0005,camera-001,success,3,"[""data_video/vlm_frames/camera-001-scene-0005/frame_01.jpg"",""data_video/vlm_frames/camera-001-scene-0005/frame_02.jpg"",""data_video/vlm_frames/camera-001-scene-0005/frame_03.jpg""]",Qwen/Qwen3-VL-8B-Instruct,0c351dd01ed87e9c1b53cbc748cba10e6187ff3b,cuda:0,bfloat16,catalog-grounded-visible-scene-json-v2,2026-07-20T05:47:35.546124+00:00,
camera-001-scene-0006,camera-001,success,3,"[""data_video/vlm_frames/camera-001-scene-0006/frame_01.jpg"",""data_video/vlm_frames/camera-001-scene-0006/frame_02.jpg"",""data_video/vlm_frames/camera-001-scene-0006/frame_03.jpg""]",Qwen/Qwen3-VL-8B-Instruct,0c351dd01ed87e9c1b53cbc748cba10e6187ff3b,cuda:0,bfloat16,catalog-grounded-visible-scene-json-v2,2026-07-20T05:47:42.218171+00:00,
camera-001-scene-0007,camera-001,success,3,"[""data_video/vlm_frames/camera-001-scene-0007/frame_01.jpg"",""data_video/vlm_frames/camera-001-scene-0007/frame_02.jpg"",""data_video/vlm_frames/camera-001-scene-0007/frame_03.jpg""]",Qwen/Qwen3-VL-8B-Instruct,0c351dd01ed87e9c1b53cbc748cba10e6187ff3b,cuda:0,bfloat16,catalog-grounded-visible-scene-json-v2,2026-07-20T05:47:48.091087+00:00,
espresso-001-scene-0001,espresso-001,success,1,"[""data_video/vlm_frames/espresso-001-scene-0001/frame_01.jpg""]",Qwen/Qwen3-VL-8B-Instruct,0c351dd01ed87e9c1b53cbc748cba10e6187ff3b,cuda:0,bfloat16,catalog-grounded-visible-scene-json-v2,2026-07-20T05:47:51.743564+00:00,
espresso-001-scene-0002,espresso-001,success,3,"[""data_video/vlm_frames/espresso-001-scene-0002/frame_01.jpg"",""data_video/vlm_frames/espresso-001-scene-0002/frame_02.jpg"",""data_video/vlm_frames/espresso-001-scene-0002/frame_03.jpg""]",Qwen/Qwen3-VL-8B-Instruct,0c351dd01ed87e9c1b53cbc748cba10e6187ff3b,cuda:0,bfloat16,catalog-grounded-visible-scene-json-v2,2026-07-20T05:47:59.539721+00:00,
espresso-001-scene-0003,espresso-001,success,2,"[""data_video/vlm_frames/espresso-001-scene-0003/frame_01.jpg"",""data_video/vlm_frames/espresso-001-scene-0003/frame_02.jpg""]",Qwen/Qwen3-VL-8B-Instruct,0c351dd01ed87e9c1b53cbc748cba10e6187ff3b,cuda:0,bfloat16,catalog-grounded-visible-scene-json-v2,2026-07-20T05:48:05.492816+00:00,
espresso-001-scene-0004,espresso-001,success,2,"[""data_video/vlm_frames/espresso-001-scene-0004/frame_01.jpg"",""data_video/vlm_frames/espresso-001-scene-0004/frame_02.jpg""]",Qwen/Qwen3-VL-8B-Instruct,0c351dd01ed87e9c1b53cbc748cba10e6187ff3b,cuda:0,bfloat16,catalog-grounded-visible-scene-json-v2,2026-07-20T05:48:13.202020+00:00,
espresso-001-scene-0005,espresso-001,success,2,"[""data_video/vlm_frames/espresso-001-scene-0005/frame_01.jpg"",""data_video/vlm_frames/espresso-001-scene-0005/frame_02.jpg""]",Qwen/Qwen3-VL-8B-Instruct,0c351dd01ed87e9c1b53cbc748cba10e6187ff3b,cuda:0,bfloat16,catalog-grounded-visible-scene-json-v2,2026-07-20T05:48:20.533548+00:00,
espresso-001-scene-0006,espresso-001,success,1,"[""data_video/vlm_frames/espresso-001-scene-0006/frame_01.jpg""]",Qwen/Qwen3-VL-8B-Instruct,0c351dd01ed87e9c1b53cbc748cba10e6187ff3b,cuda:0,bfloat16,catalog-grounded-visible-scene-json-v2,2026-07-20T05:48:26.581867+00:00,
espresso-001-scene-0007,espresso-001,success,2,"[""data_video/vlm_frames/espresso-001-scene-0007/frame_01.jpg"",""data_video/vlm_frames/espresso-001-scene-0007/frame_02.jpg""]",Qwen/Qwen3-VL-8B-Instruct,0c351dd01ed87e9c1b53cbc748cba10e6187ff3b,cuda:0,bfloat16,catalog-grounded-visible-scene-json-v2,2026-07-20T05:48:32.099095+00:00,
espresso-001-scene-0008,espresso-001,success,3,"[""data_video/vlm_frames/espresso-001-scene-0008/frame_01.jpg"",""data_video/vlm_frames/espresso-001-scene-0008/frame_02.jpg"",""data_video/vlm_frames/espresso-001-scene-0008/frame_03.jpg""]",Qwen/Qwen3-VL-8B-Instruct,0c351dd01ed87e9c1b53cbc748cba10e6187ff3b,cuda:0,bfloat16,catalog-grounded-visible-scene-json-v2,2026-07-20T05:48:38.226451+00:00,
espresso-001-scene-0009,espresso-001,success,2,"[""data_video/vlm_frames/espresso-001-scene-0009/frame_01.jpg"",""data_video/vlm_frames/espresso-001-scene-0009/frame_02.jpg""]",Qwen/Qwen3-VL-8B-Instruct,0c351dd01ed87e9c1b53cbc748cba10e6187ff3b,cuda:0,bfloat16,catalog-grounded-visible-scene-json-v2,2026-07-20T05:48:45.185517+00:00,
espresso-002-scene-0001,espresso-002,success,3,"[""data_video/vlm_frames/espresso-002-scene-0001/frame_01.jpg"",""data_video/vlm_frames/espresso-002-scene-0001/frame_02.jpg"",""data_video/vlm_frames/espresso-002-scene-0001/frame_03.jpg""]",Qwen/Qwen3-VL-8B-Instruct,0c351dd01ed87e9c1b53cbc748cba10e6187ff3b,cuda:0,bfloat16,catalog-grounded-visible-scene-json-v2,2026-07-20T05:48:52.053337+00:00,
espresso-003-scene-0001,espresso-003,success,3,"[""data_video/vlm_frames/espresso-003-scene-0001/frame_01.jpg"",""data_video/vlm_frames/espresso-003-scene-0001/frame_02.jpg"",""data_video/vlm_frames/espresso-003-scene-0001/frame_03.jpg""]",Qwen/Qwen3-VL-8B-Instruct,0c351dd01ed87e9c1b53cbc748cba10e6187ff3b,cuda:0,bfloat16,catalog-grounded-visible-scene-json-v2,2026-07-20T05:49:00.710626+00:00,
pressure-001-scene-0001,pressure-001,success,3,"[""data_video/vlm_frames/pressure-001-scene-0001/frame_01.jpg"",""data_video/vlm_frames/pressure-001-scene-0001/frame_02.jpg"",""data_video/vlm_frames/pressure-001-scene-0001/frame_03.jpg""]",Qwen/Qwen3-VL-8B-Instruct,0c351dd01ed87e9c1b53cbc748cba10e6187ff3b,cuda:0,bfloat16,catalog-grounded-visible-scene-json-v2,2026-07-20T05:49:05.894616+00:00,
printer-001-scene-0001,printer-001,success,3,"[""data_video/vlm_frames/printer-001-scene-0001/frame_01.jpg"",""data_video/vlm_frames/printer-001-scene-0001/frame_02.jpg"",""data_video/vlm_frames/printer-001-scene-0001/frame_03.jpg""]",Qwen/Qwen3-VL-8B-Instruct,0c351dd01ed87e9c1b53cbc748cba10e6187ff3b,cuda:0,bfloat16,catalog-grounded-visible-scene-json-v2,2026-07-20T05:49:11.356812+00:00,
vacuum-001-scene-0001,vacuum-001,success,3,"[""data_video/vlm_frames/vacuum-001-scene-0001/frame_01.jpg"",""data_video/vlm_frames/vacuum-001-scene-0001/frame_02.jpg"",""data_video/vlm_frames/vacuum-001-scene-0001/frame_03.jpg""]",Qwen/Qwen3-VL-8B-Instruct,0c351dd01ed87e9c1b53cbc748cba10e6187ff3b,cuda:0,bfloat16,catalog-grounded-visible-scene-json-v2,2026-07-20T05:49:15.976328+00:00,
vacuum-002-scene-0001,vacuum-002,success,3,"[""data_video/vlm_frames/vacuum-002-scene-0001/frame_01.jpg"",""data_video/vlm_frames/vacuum-002-scene-0001/frame_02.jpg"",""data_video/vlm_frames/vacuum-002-scene-0001/frame_03.jpg""]",Qwen/Qwen3-VL-8B-Instruct,0c351dd01ed87e9c1b53cbc748cba10e6187ff3b,cuda:0,bfloat16,catalog-grounded-visible-scene-json-v2,2026-07-20T05:49:20.750113+00:00,
washing-001-scene-0001,washing-001,success,3,"[""data_video/vlm_frames/washing-001-scene-0001/frame_01.jpg"",""data_video/vlm_frames/washing-001-scene-0001/frame_02.jpg"",""data_video/vlm_frames/washing-001-scene-0001/frame_03.jpg""]",Qwen/Qwen3-VL-8B-Instruct,0c351dd01ed87e9c1b53cbc748cba10e6187ff3b,cuda:0,bfloat16,catalog-grounded-visible-scene-json-v2,2026-07-20T05:49:26.432878+00:00,
washing-002-scene-0001,washing-002,success,3,"[""data_video/vlm_frames/washing-002-scene-0001/frame_01.jpg"",""data_video/vlm_frames/washing-002-scene-0001/frame_02.jpg"",""data_video/vlm_frames/washing-002-scene-0001/frame_03.jpg""]",Qwen/Qwen3-VL-8B-Instruct,0c351dd01ed87e9c1b53cbc748cba10e6187ff3b,cuda:0,bfloat16,catalog-grounded-visible-scene-json-v2,2026-07-20T05:49:35.622296+00:00,
washing-003-scene-0001,washing-003,success,3,"[""data_video/vlm_frames/washing-003-scene-0001/frame_01.jpg"",""data_video/vlm_frames/washing-003-scene-0001/frame_02.jpg"",""data_video/vlm_frames/washing-003-scene-0001/frame_03.jpg""]",Qwen/Qwen3-VL-8B-Instruct,0c351dd01ed87e9c1b53cbc748cba10e6187ff3b,cuda:0,bfloat16,catalog-grounded-visible-scene-json-v2,2026-07-20T05:49:42.344936+00:00,
