query_id,candidate_scene_id,relevance_grade_preserved,v1_source_leakage,v2_policy_decision,primary_eval_eligible,sensitivity_eval_eligible,decision_basis,human_evidence_notes,human_correction_reason
VQ-010,airfryer-032-scene-0013,1,yes,exclude_primary_and_sensitivity,no,no,Existing independent human review confirmed source leakage; grade is preserved and the pair is excluded from primary evaluation.,6帧仅显示带有油脂残渣的炸篮特写，未见擦拭、冲洗或其他任何清洁动作。,第三轮双复核一致修正：R1=3→indep=1：画面仅有脏炸篮展示，未演示清洁过程；ASR虽提及擦拭，但画面本身不足以独立回答清洁方法。泄漏标记由no改为yes。
VQ-011,airfryer-032-scene-0013,1,yes,exclude_primary_and_sensitivity,no,no,Existing independent human review confirmed source leakage; grade is preserved and the pair is excluded from primary evaluation.,同一场景6帧仅展示炸篮内油脂和食物残渣，未呈现任何清除动作或工具。,第三轮双复核一致修正：R1=3→indep=1：画面仅展示脏污状态，未实际演示清除油脂残渣的操作。泄漏标记由no改为yes。
VQ-017,airfryer-032-scene-0013,1,uncertain,exclude_primary_include_sensitivity,no,yes,"Existing human adjudication could not rule out leakage; grade is preserved, excluded from primary results, and retained for sensitivity.",画面仅显示炸篮残渣，未展示进出风口位置，也未演示如何避免堵塞风口。,第三轮双复核一致修正：R1=2→indep=1：脏炸篮画面与风口堵塞问题关联过远，未呈现风口或防堵方法。泄漏标记由no改为uncertain。
VQ-018,espresso-018-scene-0006,1,uncertain,exclude_primary_include_sensitivity,no,yes,"Existing human adjudication could not rule out leakage; grade is preserved, excluded from primary results, and retained for sensitivity.",第1-6帧（t=21.1s-24.0s）展示黑色便携式咖啡机正在出咖啡，底部字幕出现'Just add ground coffee and hot water'，但未实际演示向机器加水或萃取准备动作。,
VQ-019,espresso-018-scene-0006,1,uncertain,exclude_primary_include_sensitivity,no,yes,"Existing human adjudication could not rule out leakage; grade is preserved, excluded from primary results, and retained for sensitivity.",画面展示便携式咖啡机萃取过程，字幕提示添加研磨咖啡，但所有帧均未显示将咖啡粉装入并压实在手柄中的具体动作。,AI=2→R1=1：画面仅展示萃取与字幕提示，未实际演示咖啡粉装入并压实在手柄中的动作。
VQ-044,pressure-037-scene-0012,0,uncertain,exclude_primary_include_sensitivity,no,yes,"Existing human adjudication could not rule out leakage; grade is preserved, excluded from primary results, and retained for sensitivity.",第1–6帧（t=61.4s–66.6s）画面为鸡蛋相关内容（水煮蛋、剥壳、食用），无压力锅或密封圈出现；OCR浮层含Instant Pot促销文字但画面本身完全无关。,
VQ-061,printer-024-scene-0001,1,uncertain,exclude_primary_include_sensitivity,no,yes,"Existing human adjudication could not rule out leakage; grade is preserved, excluded from primary results, and retained for sensitivity.",标题OCR含 cleaning head 字样，但6帧实际只展示拆机取件，未出现清洗喷头液或清洗动作。,AI=0→R1=1：同产品维护场景，画面拆解喷头相关部件但未演示清洗步骤。
VQ-064,printer-017-scene-0002,2,uncertain,exclude_primary_include_sensitivity,no,yes,"Existing human adjudication could not rule out leakage; grade is preserved, excluded from primary results, and retained for sensitivity.",t=11.0s和t=13.0s幻灯片明确显示“Step 1: Turn Off and Unplug Your Printer”及拔插头图示，是安全取卡纸的第一步。,AI时间10.0-15.0→R1时间11.0-13.0，仅中间两帧显示Step 1断电内容。
VQ-068,printer-017-scene-0003,0,uncertain,exclude_primary_include_sensitivity,no,yes,"Existing human adjudication could not rule out leakage; grade is preserved, excluded from primary results, and retained for sensitivity.",第2帧（t=22.0s）标题卡'Step 3'提及'Prevent Tearing'和'Avoid sudden tugs'等注意事项，但未明确提及高温组件防护；整体为静态信息图。,AI=2→R1=0：标题卡仅提及避免撕扯卡纸等一般注意事项，未涉及高温组件防护的具体内容，且为静态信息图非实操演示。
