record_id,product_class,title,source_platform,source_page_url,creator,license_id,license_url,license_evidence_url,license_checked_at,duration_seconds,width,height,language,procedure_or_scene,relevance,commercial_use,modification,redistribution_rule,personality_or_privacy,status,status_reason,reviewer_1,reviewer_2,local_file_sha256,notes
airfryer-002,Air Fryer,Library Kitchen: Air Fryer Oreos,Internet Archive,https://archive.org/details/gctvva-Library_Kitchen_-_Air_Fryer_Oreos,Gloucester County VA,OWNER-WRITTEN-AUTHORIZATION,,https://archive.org/details/gctvva-Library_Kitchen_-_Air_Fryer_Oreos,2026-07-22,357.89,854,480,English,air fryer recipe procedure,machine_candidate,owner_authorized,owner_authorized,restricted to authorization owner-confirmed-2026-07-21-dataset-expansion,pending_content_screen,accepted,AI pre-annotation accepted after completed R1 review,R1,,08a1d39bea47bfc6b67b5006e6e16729af75bc0ae9fb060268014e1e4885b8f0,source_disjoint_test_candidate; archive_file=Library_Kitchen_-_Air_Fryer_Oreos.mp4; final_split=development; reviewed_at=2026-07-22
airfryer-005,Air Fryer,Air Fryer Bacon and Egg Toast Recipe,Internet Archive,https://archive.org/details/youtube-RaolUs_38zQ,In The Kitchen With Matt,OWNER-WRITTEN-AUTHORIZATION,,https://archive.org/details/youtube-RaolUs_38zQ,2026-07-22,355.24,854,480,und,air fryer breakfast cooking,machine_candidate,owner_authorized,owner_authorized,restricted to authorization owner-confirmed-2026-07-21-dataset-expansion,pending_content_screen,accepted,AI pre-annotation accepted after completed R1 review,R1,,af30c198eef94cae98d3b1c2ec8fc7ba6b0571979c2701c2d108dd8f0c33bd3a,development_candidate; archive_file=RaolUs_38zQ.mp4; final_split=source_disjoint_test; reviewed_at=2026-07-22
airfryer-006,Air Fryer,Make Easy ' Air Fryer Oreos' At Home With Only 2 Ingredients,Internet Archive,https://archive.org/details/make-easy-air-fryer-oreos-at-home-with-only-2-ingredients,Good Morning America,CC0-1.0,https://creativecommons.org/publicdomain/zero/1.0/,https://archive.org/details/make-easy-air-fryer-oreos-at-home-with-only-2-ingredients,2026-07-21,31.18,360,360,eng,air fryer recipe procedure,machine_candidate,owner_authorized,owner_authorized,redistribution allowed,pending_content_screen,accepted,AI pre-annotation accepted after completed R1 review,R1,,5cc4dcbc92d594d1f19086d5fc32570b59210ebf5a1b01f2bb31cb362fc17b40,development_candidate; archive_file=Make easy 'Air Fryer Oreos' at home with only 2 ingredients.mp4; final_split=development; reviewed_at=2026-07-22
airfryer-011,Air Fryer,Monterey Recreation Presents: That's Good! Air Fryer Grilled Cheese,Internet Archive,https://archive.org/details/monterca-Monterey_Recreation_Presents_-_That_s_Good_Air_Fryer_Grilled_Cheese,City of Monterey CA,OWNER-WRITTEN-AUTHORIZATION,,https://archive.org/details/monterca-Monterey_Recreation_Presents_-_That_s_Good_Air_Fryer_Grilled_Cheese,2026-07-21,108,854,480,English,air fryer cooking procedure,machine_candidate,owner_authorized,owner_authorized,restricted to authorization owner-confirmed-2026-07-21-dataset-expansion,pending_content_screen,accepted,AI pre-annotation accepted after completed R1 review,R1,,d47a8a1077c51d764227d20be8f4e23b4f0fbd6d6f30df5a6c4b2e6f3c067038,development_candidate; archive_file=Monterey_Recreation_Presents_-_That_s_Good_Air_Fryer_Grilled_Cheese.mp4; final_split=source_disjoint_test; reviewed_at=2026-07-22
airfryer-017,Air Fryer,Can I actually fix my kitchen air fryer?,Internet Archive,https://archive.org/details/youtube-3emzRi3gdiQ,FanboyFilms2,OWNER-WRITTEN-AUTHORIZATION,,https://archive.org/details/youtube-3emzRi3gdiQ,2026-07-22,1547.12,1280,720,und,"air fryer operation, maintenance, or troubleshooting",machine_candidate,owner_authorized,owner_authorized,restricted to authorization owner-confirmed-2026-07-21-dataset-expansion,pending_content_screen,accepted,AI pre-annotation accepted after completed R1 review,R1,,9223ab4660d0c10be7da890c0ad13ee346420191e9607411c9edec081bf6a02b,development_candidate; archive_file=3emzRi3gdiQ.mp4; final_split=development; reviewed_at=2026-07-23T06:13:41.000Z
airfryer-024,Air Fryer,NuWave Brio Digital Air Fryer,Internet Archive,https://archive.org/details/youtube-NmN53yuxr-U,NuWave LLC,OWNER-WRITTEN-AUTHORIZATION,,https://archive.org/details/youtube-NmN53yuxr-U,2026-07-22,135.77,640,360,und,"air fryer operation, maintenance, or troubleshooting",machine_candidate,owner_authorized,owner_authorized,restricted to authorization owner-confirmed-2026-07-21-dataset-expansion,pending_content_screen,accepted,AI pre-annotation accepted after completed R1 review,R1,,7a8740df543d21984569ff68779962861d20e0fc8ae4f42567d2e58ab6880faa,development_candidate; archive_file=NuWave_Brio_Digital_Air_Fryer-NmN53yuxr-U.mp4; final_split=development; reviewed_at=2026-07-23T06:13:41.000Z
airfryer-026,Air Fryer,MontereyRecreation Presents: That's Good! Air Fryer Donuts Demo,Internet Archive,https://archive.org/details/monterca-MontereyRecreation_Presents_-_That_s_Good_Air_Fryer_Donuts_Demo,City of Monterey CA,OWNER-WRITTEN-AUTHORIZATION,,https://archive.org/details/monterca-MontereyRecreation_Presents_-_That_s_Good_Air_Fryer_Donuts_Demo,2026-07-22,213.51,854,480,English,"air fryer operation, maintenance, or troubleshooting",machine_candidate,owner_authorized,owner_authorized,restricted to authorization owner-confirmed-2026-07-21-dataset-expansion,pending_content_screen,accepted,AI pre-annotation accepted after completed R1 review,R1,,2c97ba89447c76d2f8e3923a4e16c461791bb3733eae994955229e750b6fcb27,development_candidate; archive_file=MontereyRecreation_Presents_-_That_s_Good_Air_Fryer_Donuts_Demo.mp4; final_split=development; reviewed_at=2026-07-23T06:13:41.000Z
airfryer-027,Air Fryer,Cooking With Bob: Air Fryer or Oven Baked Buffalo Wings?,Internet Archive,https://archive.org/details/youtube-ohiGKnzmfAY,The American Patriot,OWNER-WRITTEN-AUTHORIZATION,,https://archive.org/details/youtube-ohiGKnzmfAY,2026-07-22,283.43,854,480,und,"air fryer operation, maintenance, or troubleshooting",machine_candidate,owner_authorized,owner_authorized,restricted to authorization owner-confirmed-2026-07-21-dataset-expansion,pending_content_screen,accepted,AI pre-annotation accepted after completed R1 review,R1,,d19ef592cad182330f3685fa61061f1249a0fe6a401741e149ae7d0f9cce671a,development_candidate; archive_file=ohiGKnzmfAY.mp4; final_split=development; reviewed_at=2026-07-23T06:13:41.000Z
airfryer-029,Air Fryer,Chicken Tandoori Recipe in Philips Airfryer by VahChef,Internet Archive,https://archive.org/details/youtube-DosjRtIxuEg,Vahchef - VahRehVah,OWNER-WRITTEN-AUTHORIZATION,,https://archive.org/details/youtube-DosjRtIxuEg,2026-07-22,673.33,854,480,und,air fryer cooking procedure,machine_candidate,owner_authorized,owner_authorized,restricted to authorization owner-confirmed-2026-07-21-dataset-expansion,pending_content_screen,accepted,AI pre-annotation accepted after completed R1 review,R1,,853838ee93433557fe93454b1bb73a0fb1a33d6e93f377f2ed1ebc18ebaf2a74,source_disjoint_test_candidate; archive_file=DosjRtIxuEg.mp4; final_split=source_disjoint_test; reviewed_at=2026-07-23T06:13:41.000Z
airfryer-030,Air Fryer,Cooking Healthy Snacks with an Air fryer - Hardin County Extension Today June 2019,Internet Archive,https://archive.org/details/hcectvky-Cooking_Healthy_Snacks_with_an_Air_fryer_-_Hardin_County_Extension_Today_June_2019,HCEC-TV,OWNER-WRITTEN-AUTHORIZATION,,https://archive.org/details/hcectvky-Cooking_Healthy_Snacks_with_an_Air_fryer_-_Hardin_County_Extension_Today_June_2019,2026-07-22,1092.2,480,360,English,healthy snack preparation,machine_candidate,owner_authorized,owner_authorized,restricted to authorization owner-confirmed-2026-07-21-dataset-expansion,pending_content_screen,accepted,AI pre-annotation accepted after completed R1 review,R1,,5eed26cd72252c2aef8202a3d43fdd670ba8c943356a131b75ade7b330c27bb2,source_disjoint_test_candidate; archive_file=Cooking_Healthy_Snacks_with_an_Air_fryer_-_Hardin_County_Extension_Today_June_2019.mp4; final_split=source_disjoint_test; reviewed_at=2026-07-23T06:13:41.000Z
airfryer-032,Air Fryer,How To Clean Your Air Fryer → SMELLY DIRTY NEW Watch THIS!,Internet Archive,https://archive.org/details/how-to-clean-your-air-fryer-smelly-dirty-new-watch-this,Archive contributor,OWNER-WRITTEN-AUTHORIZATION,,https://archive.org/details/how-to-clean-your-air-fryer-smelly-dirty-new-watch-this,2026-07-22,533.73,1280,720,und,air fryer cleaning,machine_candidate,owner_authorized,owner_authorized,restricted to authorization owner-confirmed-2026-07-21-dataset-expansion,pending_content_screen,accepted,AI pre-annotation accepted after completed R1 review,R1,,19964dff8e507ce789c7219c5b2a68c6462322a0309cc0c5ea628b35ea28d4fb,development_candidate; archive_file=How to Clean Your Air Fryer → SMELLY_ DIRTY_ NEW_ Watch THIS!.mp4; final_split=development; reviewed_at=2026-07-23T06:13:41.000Z
airfryer-033,Air Fryer,A DESTRUIÇÃO LEVA A CONSTRUÇÃO: AIRFRYER WALITA,Internet Archive,https://archive.org/details/ratao_frKY4As3ctXhnhf4,Archive contributor,CC-BY,https://creativecommons.org/licenses/by/3.0/,https://archive.org/details/ratao_frKY4As3ctXhnhf4,2026-07-22,1602.66,640,360,und,air fryer teardown and repair,machine_candidate,owner_authorized,owner_authorized,attribution required,pending_content_screen,accepted,AI pre-annotation accepted after completed R1 review,R1,,b3faa51963f29e704f6fd9c2e3e57f4b4a1cd2772c44eabf99d92e850287ba8c,development_candidate; archive_file=As3ctXhnhf4.ia.mp4; final_split=development; reviewed_at=2026-07-23T06:13:41.000Z
camera-001,Camera,CCD - The heart of a digital camera,Wikimedia Commons,https://commons.wikimedia.org/wiki/File:CCD_-_The_heart_of_a_digital_camera_(how_a_charge-coupled_device_works).webm,Bill Hammack,CC-BY-3.0,https://creativecommons.org/licenses/by/3.0/,https://commons.wikimedia.org/wiki/File:CCD_-_The_heart_of_a_digital_camera_(how_a_charge-coupled_device_works).webm,2026-07-16,266,1920,1080,en,camera teardown and CCD explanation,medium,allowed,allowed,attribution required,presenter visible,scope_review,Strong component explanation but not ordinary camera operation,Codex,,871b69bf09dda7c6f7b865bc58cf2d942d802273536877d5d6a1a58fced1d6fb,License was archived and reviewed by Wikimedia
drill-001,Electric Drill,Drilling a gear wheel on a turning machine,Wikimedia Commons,https://commons.wikimedia.org/wiki/File:Drilling_a_gear_wheel_on_a_turning_machine.WebM,Musicaloris,CC0-1.0,https://creativecommons.org/publicdomain/zero/1.0/,https://commons.wikimedia.org/wiki/File:Drilling_a_gear_wheel_on_a_turning_machine.WebM,2026-07-16,53.887,1920,1080,en,machine-tool drilling,low,allowed,allowed,redistribution allowed; project still defaults to metadata-only release,none observed,reject_scope,The workpiece rotates on a lathe and this is not handheld electric-drill operation,Codex,,,Source SHA-1 dcd9a2aecd06dc1b4835513b51b023a4167a5aa7
espresso-001,Espresso Machine,Espresso video,Wikimedia Commons,https://commons.wikimedia.org/wiki/File:Espresso_video.ogv,Rosatrieu,CC-BY-SA-3.0,https://creativecommons.org/licenses/by-sa/3.0/,https://commons.wikimedia.org/wiki/File:Espresso_video.ogv,2026-07-16,54.336,1280,720,en,espresso preparation,high,allowed,allowed,modified media must preserve compatible ShareAlike terms,none observed,accepted,Accepted by completed review gate for balanced six-class v1 freeze,Codex,,1853f8dce07b802dc9ba4ce8a9e217baf53aed62b55dc53c7f21b07a876c860c,Source SHA-1 97cf3804768ebf086f41d21f6f1a2af3ca0af7d2; pre_freeze_status=provisional_accept
espresso-002,Espresso Machine,Nespresso machine,Wikimedia Commons,https://commons.wikimedia.org/wiki/File:Nespresso_machine.ogv,Kjetil Ree,CC0-1.0,https://creativecommons.org/publicdomain/zero/1.0/,https://commons.wikimedia.org/wiki/File:Nespresso_machine.ogv,2026-07-16,45,1920,1088,en,capsule coffee machine operation,high,allowed,allowed,redistribution allowed; project still defaults to metadata-only release,none observed,accepted,Accepted by completed review gate for balanced six-class v1 freeze,Codex,,5e3701e9a1d0caa489016d208cc66270048eddbc5bb2d0ccb0a3b26a419ce3b9,pre_freeze_status=provisional_accept
espresso-003,Espresso Machine,Moccamaster coffee maker,Wikimedia Commons,https://commons.wikimedia.org/wiki/File:Moccamaster_coffee_maker.webm,Sounds of Changes,CC-BY-3.0,https://creativecommons.org/licenses/by/3.0/,https://commons.wikimedia.org/wiki/File:Moccamaster_coffee_maker.webm,2026-07-16,141,1920,1080,en,coffee maker operation,medium,allowed,allowed,attribution required,none observed,accepted,Accepted by completed review gate for balanced six-class v1 freeze,Codex,,02f11c27554694f09d275df37d7b26e7d9eb7424f97cb07a9cff901c5491efc3,License was archived and reviewed by Wikimedia; pre_freeze_status=scope_review
espresso-004,Espresso Machine,Der perfekte Espresso aus dem Siebträger.ogv,Wikimedia Commons,https://commons.wikimedia.org/wiki/File:Der_perfekte_Espresso_aus_dem_Siebtr%C3%A4ger.ogv,"Max Duchardt, Katrin Engel",CC BY 3.0,https://creativecommons.org/licenses/by/3.0/,https://commons.wikimedia.org/wiki/File:Der_perfekte_Espresso_aus_dem_Siebtr%C3%A4ger.ogv,2026-07-21,88.672,1920,1080,und,espresso machine,machine_candidate,allowed,allowed,attribution/license terms apply,pending_content_screen,accepted,AI pre-annotation accepted after completed R1 review,R1,,cd09ba95b536437322a1bc161abbcb32281b8e1fe4ec0fb849542d39ff9e302d,source_disjoint_test_candidate; variant=480p.vp9.webm; Der perfekte Espresso aus dem Siebträger; final_split=development; reviewed_at=2026-07-22
espresso-005,Espresso Machine,"Morning Espresso Routine - Progress, Results, Observations and Miscellany.webm",Wikimedia Commons,"https://commons.wikimedia.org/wiki/File:Morning_Espresso_Routine_-_Progress,_Results,_Observations_and_Miscellany.webm","Scott Schiller from San Francisco, CA, USA",CC BY 2.0,https://creativecommons.org/licenses/by/2.0/,"https://commons.wikimedia.org/wiki/File:Morning_Espresso_Routine_-_Progress,_Results,_Observations_and_Miscellany.webm",2026-07-21,55.858,1920,1080,und,espresso machine,machine_candidate,allowed,allowed,attribution/license terms apply,pending_content_screen,accepted,AI pre-annotation accepted after completed R1 review,R1,,bc21ca95d53ebc6e89bc0bda6c15f03e0e842ad4c4ca4302439a52377c5d2ea7,"source_disjoint_test_candidate; variant=480p.vp9.webm; This is how I make coffee in the morning. As one would hope with routines, both the speed and the results of this one are improving with time. Espresso is the result of almost-boiling water at high pressure (~8 bars or 116 PSI) being forced at a consistent rate through coffee beans ground to a specific range of fineness. This video doesn't show the grinding of the beans, distribution and tamping - basically, the first two-thirds of the process. This is just about brewing, the ""fun"" part. What yo; final_split=development; reviewed_at=2026-07-22"
espresso-006,Espresso Machine,Приготовление макиато.webm,Wikimedia Commons,https://commons.wikimedia.org/wiki/File:%D0%9F%D1%80%D0%B8%D0%B3%D0%BE%D1%82%D0%BE%D0%B2%D0%BB%D0%B5%D0%BD%D0%B8%D0%B5_%D0%BC%D0%B0%D0%BA%D0%B8%D0%B0%D1%82%D0%BE.webm,Pannet,CC BY-SA 4.0,https://creativecommons.org/licenses/by-sa/4.0/,https://commons.wikimedia.org/wiki/File:%D0%9F%D1%80%D0%B8%D0%B3%D0%BE%D1%82%D0%BE%D0%B2%D0%BB%D0%B5%D0%BD%D0%B8%D0%B5_%D0%BC%D0%B0%D0%BA%D0%B8%D0%B0%D1%82%D0%BE.webm,2026-07-21,49.407,800,990,und,espresso machine,machine_candidate,allowed,allowed,share-alike attribution required,pending_content_screen,accepted,AI pre-annotation accepted after completed R1 review,R1,,28a7eb41cf5436c8f07326544cbe26283ca15b734221be1bcaa8da46ddcd3fb4,source_disjoint_test_candidate; variant=480p.vp9.webm; Приготовление макиато в кофемашине; final_split=development; reviewed_at=2026-07-22
espresso-008,Espresso Machine,"Machine à café à l'hôtel de la Cloche (Dole, Jura, France).webm",Wikimedia Commons,"https://commons.wikimedia.org/wiki/File:Machine_%C3%A0_caf%C3%A9_%C3%A0_l%27h%C3%B4tel_de_la_Cloche_(Dole,_Jura,_France).webm",Benoît Prieur,CC0,https://creativecommons.org/publicdomain/zero/1.0/,"https://commons.wikimedia.org/wiki/File:Machine_%C3%A0_caf%C3%A9_%C3%A0_l%27h%C3%B4tel_de_la_Cloche_(Dole,_Jura,_France).webm",2026-07-21,60.77,1920,1080,und,espresso machine,machine_candidate,allowed,allowed,attribution/license terms apply,pending_content_screen,accepted,AI pre-annotation accepted after completed R1 review,R1,,751d98992d4fefbae1320347c13336b302194c681bc6f275451efba45f8041b8,"development_candidate; variant=480p.vp9.webm; Machine à café à l'hôtel de la Cloche (Dole, Jura, France) Necta Krea Espresso; final_split=source_disjoint_test; reviewed_at=2026-07-22"
espresso-009,Espresso Machine,Tassimo coffee system.webm,Wikimedia Commons,https://commons.wikimedia.org/wiki/File:Tassimo_coffee_system.webm,Erik Pålsson;,CC BY 3.0,https://creativecommons.org/licenses/by/3.0/,https://commons.wikimedia.org/wiki/File:Tassimo_coffee_system.webm,2026-07-21,83.808,1920,1080,und,espresso machine,machine_candidate,allowed,allowed,attribution/license terms apply,pending_content_screen,accepted,AI pre-annotation accepted after completed R1 review,R1,,8f6db2a60da5b7ef3c596daefa5347b8ef153a7225720e25d70f1d0b9e2ece09,"development_candidate; variant=480p.vp9.webm; This is a Tassimo single-serve coffee system manufactured by Bosch, and bought in Sweden. It it a machine similar to the Nespresso system which makes single-serve coffee or hot beverages using a sort of capsule. You can make, espresso, cafe americano, hot chocolate, tea, lattes and much more. On each little capsule, or disc, is a bar code which is read by the machine and it then changes the temperature of the water, the amount of water, brew time and strength according to the code. Even though t; final_split=development; reviewed_at=2026-07-22"
espresso-015,Espresso Machine,Morning Espresso Routine (abridged version).webm,Wikimedia Commons,https://commons.wikimedia.org/wiki/File:Morning_Espresso_Routine_(abridged_version).webm,"Scott Schiller from San Francisco, CA, USA",CC BY 2.0,https://creativecommons.org/licenses/by/2.0/,https://commons.wikimedia.org/wiki/File:Morning_Espresso_Routine_(abridged_version).webm,2026-07-21,43.146,1920,1080,und,espresso preparation,machine_candidate,allowed,allowed,attribution/license terms apply,pending_content_screen,accepted,AI pre-annotation accepted after completed R1 review,R1,,26b894a7ce6689345efe2f8373c7d8201b3c4f89696f01d551b76ad539e5370e,"development_candidate; variant=480p.vp9.webm; Blue Bottle ""Hayes Valley"" Espresso roast. This extraction ran a little long at close to 35 seconds, but I think the result turned out pretty well.; final_split=development; reviewed_at=2026-07-22"
espresso-016,Espresso Machine,Sunday Morning Espresso Routine - Grind + distribute + tamp + extraction (15-Second Abridged Version).webm,Wikimedia Commons,https://commons.wikimedia.org/wiki/File:Sunday_Morning_Espresso_Routine_-_Grind_%2B_distribute_%2B_tamp_%2B_extraction_(15-Second_Abridged_Version).webm,"Scott Schiller from San Francisco, CA, USA",CC BY 2.0,https://creativecommons.org/licenses/by/2.0/,https://commons.wikimedia.org/wiki/File:Sunday_Morning_Espresso_Routine_-_Grind_%2B_distribute_%2B_tamp_%2B_extraction_(15-Second_Abridged_Version).webm,2026-07-21,16.119,1920,1080,und,espresso preparation,machine_candidate,allowed,allowed,attribution/license terms apply,pending_content_screen,accepted,AI pre-annotation accepted after completed R1 review,R1,,750ac463f30e74acc91ab8d02c96658107c86a822edb18a538124c5d561f0c31,"development_candidate; variant=480p.vp9.webm; ~19 grams of Hayes Valley Espresso from Blue Bottle. This one turned out OK, but the extraction was a little runnier than I would have liked. I blame the camera partially obstructing the distribution + tamp.; ) Also on YouTube .; final_split=development; reviewed_at=2026-07-22"
espresso-017,Espresso Machine,How to fix Jura A1 Model Espresso Machine,Internet Archive,https://archive.org/details/how-to-fix-jura-a1-model-espresso-machine,Archive contributor,OWNER-WRITTEN-AUTHORIZATION,,https://archive.org/details/how-to-fix-jura-a1-model-espresso-machine,2026-07-22,663.84,1920,1080,und,"espresso machine operation, maintenance, or troubleshooting",machine_candidate,owner_authorized,owner_authorized,restricted to authorization owner-confirmed-2026-07-21-dataset-expansion,pending_content_screen,accepted,AI pre-annotation accepted after completed R1 review,R1,,04dfe8604ca537cf1efabd8ba8565d728eafd214ba4e4ef8facfbdb861f402bd,development_candidate; archive_file=YTDown_YouTube_Media_lIR29ffd3PE_001_1080p.mp4; final_split=development; reviewed_at=2026-07-23T06:13:41.000Z
espresso-018,Espresso Machine,Portable espresso maker goes wherever you go,Internet Archive,https://archive.org/details/youtube-llFWIu51xb8,Insider,OWNER-WRITTEN-AUTHORIZATION,,https://archive.org/details/youtube-llFWIu51xb8,2026-07-22,93.52,854,480,und,"espresso machine operation, maintenance, or troubleshooting",machine_candidate,owner_authorized,owner_authorized,restricted to authorization owner-confirmed-2026-07-21-dataset-expansion,pending_content_screen,accepted,AI pre-annotation accepted after completed R1 review,R1,,a1be173e9a82f128c4831b6b26114cac44e9dc08b95a25fab62a7714f9f1d3af,development_candidate; archive_file=llFWIu51xb8.mp4; final_split=development; reviewed_at=2026-07-23T06:13:41.000Z
espresso-040,Espresso Machine,Making Espresso with Modern Coffee Machine,Pexels,https://www.pexels.com/video/making-espresso-with-modern-coffee-machine-34780936/,Diego Castro Calderon,PEXELS-CONTENT-LICENSE,https://www.pexels.com/license/,https://www.pexels.com/video/making-espresso-with-modern-coffee-machine-34780936/,2026-07-23,8.642,2160,3840,und,"espresso machine operation, maintenance, or troubleshooting",machine_candidate,permitted,permitted,Pexels Content License; project use additionally covered by owner-confirmed-2026-07-21-dataset-expansion,pending_content_screen,accepted,AI pre-annotation accepted after completed R1 review,R1,,9359fc489fc0eca410cb303612f5a843e2db9e708c8a8cc82afb8e4b18b88ce7,development_candidate; pexels_video_id=34780936; final_split=development; reviewed_at=2026-07-23
pressure-001,Pressure Cooker,Panela de pressão,Wikimedia Commons,https://commons.wikimedia.org/wiki/File:Panela_de_press%C3%A3o.webm,Mateus S. Figueiredo,CC-BY-SA-3.0,https://creativecommons.org/licenses/by-sa/3.0/,https://commons.wikimedia.org/wiki/File:Panela_de_press%C3%A3o.webm,2026-07-16,120.648,1280,720,pt-BR;en,pressure cooking with visible steam,medium,allowed,allowed,modified media must preserve compatible ShareAlike terms,none observed,accepted,Accepted by completed review gate for balanced six-class v1 freeze,Codex,,1fb991b801931f1b4ad9922e7f58edea0b3940f4f6364b700817e44d8ded5005,Source SHA-1 62a15339bbc05b7b38f52014f22ca752a9d2a399; pre_freeze_status=scope_review
pressure-006,Air Fryer,Multi Function Pressure Cooker,Internet Archive,https://archive.org/details/multi-function-pressure-cooker,archive-uploader:c49624e52612d103,OWNER-WRITTEN-AUTHORIZATION,,https://archive.org/details/multi-function-pressure-cooker,2026-07-21,59.93,480,276,und,multifunction pressure cooker operation,machine_candidate,owner_authorized,owner_authorized,restricted to authorization owner-confirmed-2026-07-21-dataset-expansion,pending_content_screen,accepted,AI pre-annotation accepted after completed R1 review,R1,,10589727dbc1c36db2bf46976ee21269c8c85c7300888fce00df6a2680214cf9,development_candidate; archive_file=Multi Function Pressure Cooker.mp4; final_split=development; reviewed_at=2026-07-22; original_product_class=Pressure Cooker
pressure-010,Pressure Cooker,Instant Pot. Group C,Internet Archive,https://archive.org/details/mctvscia-Instant_Pot._Group_C,MCTVSC,OWNER-WRITTEN-AUTHORIZATION,,https://archive.org/details/mctvscia-Instant_Pot._Group_C,2026-07-22,251.12,854,480,English,electric pressure cooker group demonstration,machine_candidate,owner_authorized,owner_authorized,restricted to authorization owner-confirmed-2026-07-21-dataset-expansion,pending_content_screen,accepted,AI pre-annotation accepted after completed R1 review,R1,,41d0990e12aae28db4f788786354e068c25745f7ee423709ae5bae656c280e37,development_candidate; archive_file=Instant_Pot._Group_C.mp4; final_split=development; reviewed_at=2026-07-22
pressure-011,Pressure Cooker,Pulled Pork Instant Pot I Simply Cooking Demo,Internet Archive,https://archive.org/details/hcctvmd-Pulled_Pork_Instant_Pot_I_Simply_Cooking_Demo,Howard Community College,OWNER-WRITTEN-AUTHORIZATION,,https://archive.org/details/hcctvmd-Pulled_Pork_Instant_Pot_I_Simply_Cooking_Demo,2026-07-22,316.84,854,480,English,electric pressure cooker cooking,machine_candidate,owner_authorized,owner_authorized,restricted to authorization owner-confirmed-2026-07-21-dataset-expansion,pending_content_screen,accepted,AI pre-annotation accepted after completed R1 review,R1,,3438b34413088260074ad5e5e90113a4ece35296a2c00c4e7ff3e50b2279512e,development_candidate; archive_file=Pulled_Pork_Instant_Pot_I_Simply_Cooking_Demo.mp4; final_split=source_disjoint_test; reviewed_at=2026-07-22
pressure-012,Pressure Cooker,Instant Pot Teriyaki Chicken,Internet Archive,https://archive.org/details/instant-pot-teriyaki-chicken,archive-uploader:bcfa1535c009bc97,OWNER-WRITTEN-AUTHORIZATION,,https://archive.org/details/instant-pot-teriyaki-chicken,2026-07-22,115.57,1280,720,und,electric pressure cooker cooking,machine_candidate,owner_authorized,owner_authorized,restricted to authorization owner-confirmed-2026-07-21-dataset-expansion,pending_content_screen,accepted,AI pre-annotation accepted after completed R1 review,R1,,bb1b50eabb76f1cf4a88adf9c7bde4aef1867a3f7cd55c9f6816ed3f12e9063c,development_candidate; archive_file=Instant Pot Teriyaki Chicken.mp4; final_split=source_disjoint_test; reviewed_at=2026-07-22
pressure-020,Pressure Cooker,How to make Basmati Rice in a Pressure Cooker,Internet Archive,https://archive.org/details/youtube-VrwddG6c1qA,Dave Hales,OWNER-WRITTEN-AUTHORIZATION,,https://archive.org/details/youtube-VrwddG6c1qA,2026-07-22,245.4,854,480,und,"pressure cooker operation, maintenance, or troubleshooting",machine_candidate,owner_authorized,owner_authorized,restricted to authorization owner-confirmed-2026-07-21-dataset-expansion,pending_content_screen,accepted,AI pre-annotation accepted after completed R1 review,R1,,7ef5e22eb6da5d93cc1fe44bc643bcb828de57882dcdf5498f409b2d45b8cf1e,development_candidate; archive_file=VrwddG6c1qA.mp4; final_split=development; reviewed_at=2026-07-23T06:13:41.000Z
pressure-026,Pressure Cooker,Diary Of An Arcade Employee Vidcast 05 (Atari's Pressure Cooker),Internet Archive,https://archive.org/details/DiaryOfAnArcadeEmployeeVidcast05PressureCooker,Vic Sage,OWNER-WRITTEN-AUTHORIZATION,,https://archive.org/details/DiaryOfAnArcadeEmployeeVidcast05PressureCooker,2026-07-22,372.24,640,480,und,"pressure cooker operation, maintenance, or troubleshooting",machine_candidate,owner_authorized,owner_authorized,restricted to authorization owner-confirmed-2026-07-21-dataset-expansion,pending_content_screen,accepted,AI pre-annotation accepted after completed R1 review,R1,,d6a867f10f4c8c8dae2d9c2ac22eb10d00bd3f01efece99b54f8e6dfaf2ff2df,development_candidate; archive_file=Diary-of-an-arcade-employee-vidcast-05-pressure-cooker.mp4; final_split=development; reviewed_at=2026-07-23T06:13:41.000Z
pressure-027,Pressure Cooker,Pressure cooker keto chili,Internet Archive,https://archive.org/details/youtube-ymo46Al_M60,WTVR CBS 6,OWNER-WRITTEN-AUTHORIZATION,,https://archive.org/details/youtube-ymo46Al_M60,2026-07-22,500.22,854,480,und,"pressure cooker operation, maintenance, or troubleshooting",machine_candidate,owner_authorized,owner_authorized,restricted to authorization owner-confirmed-2026-07-21-dataset-expansion,pending_content_screen,accepted,AI pre-annotation accepted after completed R1 review,R1,,f24252f60bd7ce044f3e60d7dc58f1c9d1889e7da3f4071849ad6e77efa008d1,development_candidate; archive_file=ymo46Al_M60.mp4; final_split=development; reviewed_at=2026-07-23T06:13:41.000Z
pressure-028,Pressure Cooker,Instant Pot Risotto with Shrimp - Shrewsbury Community Cookbook,Internet Archive,https://archive.org/details/Instant_Pot_Risotto_with_Shrimp_-_Shrewsbury_Community_Cookbook,SMC,OWNER-WRITTEN-AUTHORIZATION,,https://archive.org/details/Instant_Pot_Risotto_with_Shrimp_-_Shrewsbury_Community_Cookbook,2026-07-22,722.44,853,480,English,"pressure cooker operation, maintenance, or troubleshooting",machine_candidate,owner_authorized,owner_authorized,restricted to authorization owner-confirmed-2026-07-21-dataset-expansion,pending_content_screen,accepted,AI pre-annotation accepted after completed R1 review,R1,,88815eda4cba0ec139374069cc78fbe08ef2572c754049cf73121167e1fa06b6,development_candidate; archive_file=Instant_Pot_Risotto_with_Shrimp_-_Shrewsbury_Community_Cookbook.mp4; final_split=development; reviewed_at=2026-07-23T06:13:41.000Z
pressure-032,Pressure Cooker,Making a Beef Stew using a Pressure Cooker,Internet Archive,https://archive.org/details/scm-214736-usingapressurecooker,J Nelson,CC-BY-SA,https://creativecommons.org/licenses/by-sa/4.0/,https://archive.org/details/scm-214736-usingapressurecooker,2026-07-22,1679.26,640,480,eng,pressure cooker beef stew,machine_candidate,owner_authorized,owner_authorized,share-alike attribution required,pending_content_screen,accepted,AI pre-annotation accepted after completed R1 review,R1,,67bf0e3e67a47e833652c82ccef3a18b5857c112a29c04c81f78cc2271b25a91,source_disjoint_test_candidate; archive_file=spiritofcooking_13_02_19.mp4; final_split=source_disjoint_test; reviewed_at=2026-07-23T06:13:41.000Z
pressure-033,Pressure Cooker,Pressure Cooking is Easy as 1 - 2 -3 with Fagor Pressure Cookers,Internet Archive,https://archive.org/details/fagor-pressure-cooker,Fagor,OWNER-WRITTEN-AUTHORIZATION,,https://archive.org/details/fagor-pressure-cooker,2026-07-22,939.7,640,480,eng,pressure cooker setup and operation,machine_candidate,owner_authorized,owner_authorized,restricted to authorization owner-confirmed-2026-07-21-dataset-expansion,pending_content_screen,accepted,AI pre-annotation accepted after completed R1 review,R1,,82b0b03bbd100b164d99059f208450df8f8e3641542e1668ddc8da1cb4472e3d,source_disjoint_test_candidate; archive_file=Fagor Pressure Cooker.mp4; final_split=source_disjoint_test; reviewed_at=2026-07-23T06:13:41.000Z
pressure-036,Pressure Cooker,Simfonio Simpot Pressure Cooker Review,Internet Archive,https://archive.org/details/youtube-CZ7moF9ZvlA,Dave Hales,OWNER-WRITTEN-AUTHORIZATION,,https://archive.org/details/youtube-CZ7moF9ZvlA,2026-07-22,351.61,854,480,und,pressure cooker review and controls,machine_candidate,owner_authorized,owner_authorized,restricted to authorization owner-confirmed-2026-07-21-dataset-expansion,pending_content_screen,accepted,AI pre-annotation accepted after completed R1 review,R1,,7998ce338113cbc2bb159748e9666cc214d77d31e3c5b6aa82e50698e3e04653,development_candidate; archive_file=CZ7moF9ZvlA.mp4; final_split=development; reviewed_at=2026-07-23T06:13:41.000Z
pressure-037,Pressure Cooker,"The Instant Pot is a slow cooker, pressure cooker, and steamer, all in one",Internet Archive,https://archive.org/details/youtube-N-DG_bleUlg,Insider,OWNER-WRITTEN-AUTHORIZATION,,https://archive.org/details/youtube-N-DG_bleUlg,2026-07-22,99.44,854,480,und,electric pressure cooker functions,machine_candidate,owner_authorized,owner_authorized,restricted to authorization owner-confirmed-2026-07-21-dataset-expansion,pending_content_screen,accepted,AI pre-annotation accepted after completed R1 review,R1,,8c7a77e83ae69aa440953004cc0d48148b0732744778bc6f760f179133896719,development_candidate; archive_file=N-DG_bleUlg.mp4; final_split=development; reviewed_at=2026-07-23T06:13:41.000Z
pressure-040,Pressure Cooker,Making Butternut Pumpkin Soup with Stacey Springer,Internet Archive,https://archive.org/details/prkcitut-Making_Butternut_Pumpkin_Soup_with_Stacey_Springer,Park City Television,OWNER-WRITTEN-AUTHORIZATION,,https://archive.org/details/prkcitut-Making_Butternut_Pumpkin_Soup_with_Stacey_Springer,2026-07-22,668.22,854,480,English,pressure cooker soup preparation,machine_candidate,owner_authorized,owner_authorized,restricted to authorization owner-confirmed-2026-07-21-dataset-expansion,pending_content_screen,accepted,AI pre-annotation accepted after completed R1 review,R1,,3efc6a77727ef36c06c90875d0bcfcf5ef4643fac23f339d7bc7e8d635b2f8c6,development_candidate; archive_file=Making_Butternut_Pumpkin_Soup_with_Stacey_Springer.mp4; final_split=development; reviewed_at=2026-07-23T06:13:41.000Z
printer-001,Printer,Printer.ogv,Wikimedia Commons,https://commons.wikimedia.org/wiki/File:Printer.ogv,Matrobriva,CC-BY-SA-3.0,https://creativecommons.org/licenses/by-sa/3.0/,https://commons.wikimedia.org/wiki/File:Printer.ogv,2026-07-16,33.800,384,288,en;it,inkjet printer printing a page,high,allowed,allowed,modified media must preserve compatible ShareAlike terms,none observed,accepted,Accepted by completed review gate for balanced six-class v1 freeze,Codex,,763150ad2fddda905dec386ac2db3e9e4279edf882b2629e623f927009d3dda7,Source SHA-1 9aed3d6c23a2a1cf26f785881018d284c297eb54; pre_freeze_status=provisional_accept
printer-003,Printer,"Electronica 2025, Bangalore International Exhibition Centre, 16.webm",Wikimedia Commons,"https://commons.wikimedia.org/wiki/File:Electronica_2025,_Bangalore_International_Exhibition_Centre,_16.webm",Gpkp,CC BY-SA 4.0,https://creativecommons.org/licenses/by-sa/4.0/,"https://commons.wikimedia.org/wiki/File:Electronica_2025,_Bangalore_International_Exhibition_Centre,_16.webm",2026-07-21,95.404,1920,1080,und,laser printer,machine_candidate,allowed,allowed,share-alike attribution required,pending_content_screen,accepted,AI pre-annotation accepted after completed R1 review,R1,,6c2dece9f5027bb67bcf168b9cb516833b02f05c52696d07dcd43a492a9cb24f,"source_disjoint_test_candidate; variant=480p.vp9.webm; Electronica, Productronica and Laser World of Photonics India (2025), Bangalore International Exhibition Centre; final_split=development; reviewed_at=2026-07-22"
printer-006,Printer,FALHA DO CARTUCHO DE TINTA - O QUE FAZER.webm,Wikimedia Commons,https://commons.wikimedia.org/wiki/File:FALHA_DO_CARTUCHO_DE_TINTA_-_O_QUE_FAZER.webm,Valejet TV,CC BY 3.0,https://creativecommons.org/licenses/by/3.0/,https://commons.wikimedia.org/wiki/File:FALHA_DO_CARTUCHO_DE_TINTA_-_O_QUE_FAZER.webm,2026-07-21,155.741,1920,1080,und,printer cartridge,machine_candidate,allowed,allowed,attribution/license terms apply,pending_content_screen,accepted,AI pre-annotation accepted after completed R1 review,R1,,e8e2ae0c31768243fd1d36391db1738a6c68bf9a707e0eba03ae8a8327048e25,"development_candidate; variant=480p.vp9.webm; If this message that the cartridges failed on your printer appears, your cartridge is probably burned, but with this tip today you can have the chance to recover your cartridge in a very simple and practical way. Remembering that if the process does not work you must discard the cartridge.; final_split=source_disjoint_test; reviewed_at=2026-07-22"
printer-014,Printer,hp printer cartridge cleaning | How to clean hp printer cartridge | hp printer cartridge | in Hindi,Internet Archive,https://archive.org/details/youtube-mpo00dO4YFw,Techno Star,OWNER-WRITTEN-AUTHORIZATION,,https://archive.org/details/youtube-mpo00dO4YFw,2026-07-22,1218.73,854,480,und,"paper printer setup, operation, maintenance, or troubleshooting",machine_candidate,owner_authorized,owner_authorized,restricted to authorization owner-confirmed-2026-07-21-dataset-expansion,pending_content_screen,accepted,AI pre-annotation accepted after completed R1 review,R1,,37d4b0812de3a10893886a1d93500a0db809e793086f81dfbd9e904e9286aa5b,development_candidate; archive_file=mpo00dO4YFw.mp4; final_split=development; reviewed_at=2026-07-23T06:13:41.000Z
printer-017,Printer,Step by Step Guide to Fix Paper Jam in Printer,Internet Archive,https://archive.org/details/fix-paper-jam-in-printer,Archive contributor,OWNER-WRITTEN-AUTHORIZATION,,https://archive.org/details/fix-paper-jam-in-printer,2026-07-22,50,1920,1080,eng,"paper printer setup, operation, maintenance, or troubleshooting",machine_candidate,owner_authorized,owner_authorized,restricted to authorization owner-confirmed-2026-07-21-dataset-expansion,pending_content_screen,accepted,AI pre-annotation accepted after completed R1 review,R1,,7c6a6317d46b723d1c1c0b4d0c80c8e58a5f7dabdba5abe77f9e1bf149903c03,development_candidate; archive_file=fix paper jam in printer.mp4; final_split=development; reviewed_at=2026-07-23T06:13:41.000Z
printer-020,Printer,How to Fix (Reset) Canon Printer Error Code 5B00,Internet Archive,https://archive.org/details/youtube-2wo_suktXOE,yelnats,OWNER-WRITTEN-AUTHORIZATION,,https://archive.org/details/youtube-2wo_suktXOE,2026-07-22,110.33,854,480,und,"paper printer setup, operation, maintenance, or troubleshooting",machine_candidate,owner_authorized,owner_authorized,restricted to authorization owner-confirmed-2026-07-21-dataset-expansion,pending_content_screen,accepted,AI pre-annotation accepted after completed R1 review,R1,,4f939afe9269c8786c8e8271bf64c70ee6a282249f286e7f22f25ba436916676,development_candidate; archive_file=2wo_suktXOE.mp4; final_split=development; reviewed_at=2026-07-23T06:13:41.000Z
printer-021,Printer,Canon Printer E03 OR P03 error problem solve 100 % || Canon Printer Paper Jam Error Problem fix,Internet Archive,https://archive.org/details/youtube-7_cXhCq-qeQ,Surajit Printer Point,OWNER-WRITTEN-AUTHORIZATION,,https://archive.org/details/youtube-7_cXhCq-qeQ,2026-07-22,259.52,910,480,und,"paper printer setup, operation, maintenance, or troubleshooting",machine_candidate,owner_authorized,owner_authorized,restricted to authorization owner-confirmed-2026-07-21-dataset-expansion,pending_content_screen,accepted,AI pre-annotation accepted after completed R1 review,R1,,c624ea68a368f3a9b0d061d0f91e2ed4755eec3ad601cec9dc5395c7da4a6a4b,development_candidate; archive_file=7_cXhCq-qeQ.mp4; final_split=development; reviewed_at=2026-07-23T06:13:41.000Z
printer-024,Printer,How to Clean Epson Block Head on Epson L805/L800 Printer detail information,Internet Archive,https://archive.org/details/youtube-UEK4yY1NcEc,TECHNICAL JASIS,OWNER-WRITTEN-AUTHORIZATION,,https://archive.org/details/youtube-UEK4yY1NcEc,2026-07-22,848.43,854,470,und,"paper printer setup, operation, maintenance, or troubleshooting",machine_candidate,owner_authorized,owner_authorized,restricted to authorization owner-confirmed-2026-07-21-dataset-expansion,pending_content_screen,accepted,AI pre-annotation accepted after completed R1 review,R1,,a4c47126da2173b65773e60a754dd65d9be5033b5270f6ab99d97d40c52dece5,development_candidate; archive_file=UEK4yY1NcEc.mp4; final_split=development; reviewed_at=2026-07-23T06:13:41.000Z
printer-028,Printer,how to reset canon g2010 printer | Easy Without Programs!,Internet Archive,https://archive.org/details/youtube-ElnQiJlRYEI,SRC TECHNOLOGY- NEWS,OWNER-WRITTEN-AUTHORIZATION,,https://archive.org/details/youtube-ElnQiJlRYEI,2026-07-22,226.88,854,480,und,"paper printer setup, operation, maintenance, or troubleshooting",machine_candidate,owner_authorized,owner_authorized,restricted to authorization owner-confirmed-2026-07-21-dataset-expansion,pending_content_screen,accepted,AI pre-annotation accepted after completed R1 review,R1,,cfc915d07e1fcb72d74d67acbfd1510d9e5f9542315287d8086ca239bca4cd01,development_candidate; archive_file=ElnQiJlRYEI.mp4; final_split=development; reviewed_at=2026-07-23T06:13:41.000Z
printer-030,Printer,How to Scan Document or Photo from Canon G2010 Printer | Step by Step | Canon Pixma G2010 | In Hindi,Internet Archive,https://archive.org/details/youtube-10WLJY8r_Jc,SM Techno Hindi,OWNER-WRITTEN-AUTHORIZATION,,https://archive.org/details/youtube-10WLJY8r_Jc,2026-07-22,342.26,854,480,und,"paper printer setup, operation, maintenance, or troubleshooting",machine_candidate,owner_authorized,owner_authorized,restricted to authorization owner-confirmed-2026-07-21-dataset-expansion,pending_content_screen,accepted,AI pre-annotation accepted after completed R1 review,R1,,c02b950164358a6ec251fbb73eb35914b8c727694fc65f940353692736043462,development_candidate; archive_file=10WLJY8r_Jc.mp4; final_split=development; reviewed_at=2026-07-23T06:13:41.000Z
printer-031,Printer,How to Scan Document or Photo from Canon G2010 Printer | Canon G2010 Scan Kaise Kare,Internet Archive,https://archive.org/details/youtube-SG2999EuGoo,Tech SD Support,OWNER-WRITTEN-AUTHORIZATION,,https://archive.org/details/youtube-SG2999EuGoo,2026-07-22,300.61,854,480,und,"paper printer setup, operation, maintenance, or troubleshooting",machine_candidate,owner_authorized,owner_authorized,restricted to authorization owner-confirmed-2026-07-21-dataset-expansion,pending_content_screen,accepted,AI pre-annotation accepted after completed R1 review,R1,,35806ce09e047246a6f62925c1b011680df049aeace484637b6c00349e41ebde,development_candidate; archive_file=SG2999EuGoo.mp4; final_split=development; reviewed_at=2026-07-23T06:13:41.000Z
printer-032,Printer,HOW TO RESET CANON G2010 PIXMA PRINTER (Support code: 5B00),Internet Archive,https://archive.org/details/youtube-Wle8uA_bYoE,mikbes,OWNER-WRITTEN-AUTHORIZATION,,https://archive.org/details/youtube-Wle8uA_bYoE,2026-07-22,348.82,854,480,und,"paper printer setup, operation, maintenance, or troubleshooting",machine_candidate,owner_authorized,owner_authorized,restricted to authorization owner-confirmed-2026-07-21-dataset-expansion,pending_content_screen,accepted,AI pre-annotation accepted after completed R1 review,R1,,ebfa368f4841be2eb6c7318b9ab10019b18a409cbebfa503641ef4eeaf986753,development_candidate; archive_file=Wle8uA_bYoE.mp4; final_split=development; reviewed_at=2026-07-23T06:13:41.000Z
printer-033,Printer,Canon G2010 E03 error Problem Solve 100 % II Canon Printer Paper Jam Solution P03 error,Internet Archive,https://archive.org/details/youtube-fU2ZXoJ4oE4,Surajit Printer Point,OWNER-WRITTEN-AUTHORIZATION,,https://archive.org/details/youtube-fU2ZXoJ4oE4,2026-07-22,730.53,910,480,und,"paper printer setup, operation, maintenance, or troubleshooting",machine_candidate,owner_authorized,owner_authorized,restricted to authorization owner-confirmed-2026-07-21-dataset-expansion,pending_content_screen,accepted,AI pre-annotation accepted after completed R1 review,R1,,5336354ceb66e465d434edacec7b723c78d8a007f951616b67ba0d2bbfbc5110,development_candidate; archive_file=fU2ZXoJ4oE4.mp4; final_split=development; reviewed_at=2026-07-23T06:13:41.000Z
vacuum-001,Vacuum,Industrial vacuum cleaner in operation,Wikimedia Commons,https://commons.wikimedia.org/wiki/File:Industrial_vacuum_cleaner_in_operation.webm,JJMr19,CC-BY-SA-4.0,https://creativecommons.org/licenses/by-sa/4.0/,https://commons.wikimedia.org/wiki/File:Industrial_vacuum_cleaner_in_operation.webm,2026-07-16,26.508,640,480,de,industrial vacuum operation,medium,allowed,allowed,modified media must preserve compatible ShareAlike terms,personality-rights warning on source page,accepted,Accepted by completed review gate for balanced six-class v1 freeze,Codex,,4b5708d5a23a322951f76962a871bf0b761ab005619d4df874dec30df85fb244,Source SHA-1 8387345013e24a385b1f53dcbd8b458e21d1fa56; pre_freeze_status=hold_privacy
vacuum-002,Vacuum,A vacuum cleaner manufactured by Miele purchased 2013,Wikimedia Commons,"https://commons.wikimedia.org/wiki/File:A_vacuum_cleaner_manufactured_by_Miele,_purchased_2013.webm",Sounds of Changes,CC-BY-3.0,https://creativecommons.org/licenses/by/3.0/,"https://commons.wikimedia.org/wiki/File:A_vacuum_cleaner_manufactured_by_Miele,_purchased_2013.webm",2026-07-16,31,406,720,en,consumer vacuum operation,high,allowed,allowed,attribution required,home location metadata on source page,accepted,Accepted by completed review gate for balanced six-class v1 freeze,Codex,,3973dc88640c9bce9abf181d9652107bd4e3a0148a11d6e74c89d47f4940f10a,Wikimedia page also mentions CC-BY 4.0 permission but the actual license template is CC-BY 3.0; use the stricter recorded evidence; pre_freeze_status=provisional_accept
vacuum-003,Vacuum,Robot vacuum cleaner - Japan - 2024 June 24.webm,Wikimedia Commons,https://commons.wikimedia.org/wiki/File:Robot_vacuum_cleaner_-_Japan_-_2024_June_24.webm,Nesnad,CC BY 4.0,https://creativecommons.org/licenses/by/4.0/,https://commons.wikimedia.org/wiki/File:Robot_vacuum_cleaner_-_Japan_-_2024_June_24.webm,2026-07-21,15.45,3840,2160,und,vacuum cleaner,machine_candidate,allowed,allowed,attribution/license terms apply,pending_content_screen,accepted,AI pre-annotation accepted after completed R1 review,R1,,ff8f173e2e3570c158950b184f1570c65017ac86638bfe595c216fb574206216,source_disjoint_test_candidate; variant=480p.vp9.webm; Robot vacuum cleaner (ロボット掃除機); final_split=development; reviewed_at=2026-07-22
vacuum-008,Vacuum,A day in the life of NEATO our cleaning bot.webm,Wikimedia Commons,https://commons.wikimedia.org/wiki/File:A_day_in_the_life_of_NEATO_our_cleaning_bot.webm,George Buitelaar,CC BY 3.0,https://creativecommons.org/licenses/by/3.0/,https://commons.wikimedia.org/wiki/File:A_day_in_the_life_of_NEATO_our_cleaning_bot.webm,2026-07-21,123.812,1280,720,und,vacuum cleaner,machine_candidate,allowed,allowed,attribution/license terms apply,pending_content_screen,accepted,AI pre-annotation accepted after completed R1 review,R1,,e6cfce931933424bc860fc2b479e33c502523cfdcca85c6ea80280715e2dcb73,development_candidate; variant=480p.vp9.webm; NEATO our cleaning bot with an oldtime famous ragtime song. en:The Entertainer (rag) by Scott Joplin Performed by: Adam Cuerden CC-BY-3.0 licence http://imslp.org/wiki/The_Entertainer_%28Joplin%2C_Scott%29; final_split=development; reviewed_at=2026-07-22
vacuum-009,Vacuum,Vacuuming with Snickerdoodle (GEDC2330).webm,Wikimedia Commons,https://commons.wikimedia.org/wiki/File:Vacuuming_with_Snickerdoodle_(GEDC2330).webm,Trougnouf,CC BY 4.0,https://creativecommons.org/licenses/by/4.0/,https://commons.wikimedia.org/wiki/File:Vacuuming_with_Snickerdoodle_(GEDC2330).webm,2026-07-21,41.536,1280,720,und,vacuum cleaner,machine_candidate,allowed,allowed,attribution/license terms apply,pending_content_screen,accepted,AI pre-annotation accepted after completed R1 review,R1,,4ec97206c8dcd7b0f7f00b783296cc4672c572e3e2cae3d9759197deeb8b3f17,development_candidate; variant=480p.vp9.webm; Vacuuming with Snickerdoodle; final_split=source_disjoint_test; reviewed_at=2026-07-22
vacuum-010,Vacuum,Vorwerk Kobold VR100 in Zeitraffer im Büro.webm,Wikimedia Commons,https://commons.wikimedia.org/wiki/File:Vorwerk_Kobold_VR100_in_Zeitraffer_im_B%C3%BCro.webm,Marcel B,CC BY 3.0,https://creativecommons.org/licenses/by/3.0/,https://commons.wikimedia.org/wiki/File:Vorwerk_Kobold_VR100_in_Zeitraffer_im_B%C3%BCro.webm,2026-07-21,74.678,1280,720,und,vacuum cleaner,machine_candidate,allowed,allowed,attribution/license terms apply,pending_content_screen,accepted,AI pre-annotation accepted after completed R1 review,R1,,637d8034a115214879e048884627f06ccd389c7c04a71c3c081ec08ada5814c3,"development_candidate; variant=480p.vp9.webm; Um die Büroeinrichtung, die Katzenklos und was sonst noch so im Weg ist in Zeitraffer. Er wäre jetzt auch in die restliche Wohnung gefahren. Das habe ich mit einem Sperrband blockiert.; final_split=development; reviewed_at=2026-07-22"
vacuum-034,Vacuum,[LG Vacuum cleaner] - How to disassemble and assemble the A9 Tower All-in-one station,Internet Archive,https://archive.org/details/youtube-zcH8CT_xikE,LG customer support Europe_official,OWNER-WRITTEN-AUTHORIZATION,,https://archive.org/details/youtube-zcH8CT_xikE,2026-07-22,412.53,1280,720,und,"household vacuum operation, maintenance, or troubleshooting",machine_candidate,owner_authorized,owner_authorized,restricted to authorization owner-confirmed-2026-07-21-dataset-expansion,pending_content_screen,accepted,AI pre-annotation accepted after completed R1 review,R1,,28385acda6e9b8d6219cc98d9db4c88f61ca03a9a1c2ac9c23d7b3cd16445f6e,development_candidate; archive_file=zcH8CT_xikE.mp4; final_split=development; reviewed_at=2026-07-23T06:13:41.000Z
vacuum-038,Vacuum,How to recharge the battery of your Samsung Jet™ vacuum cleaner,Internet Archive,https://archive.org/details/youtube-Dk6gd7CTQJw,Samsung India,OWNER-WRITTEN-AUTHORIZATION,,https://archive.org/details/youtube-Dk6gd7CTQJw,2026-07-22,89,1280,720,und,"household vacuum operation, maintenance, or troubleshooting",machine_candidate,owner_authorized,owner_authorized,restricted to authorization owner-confirmed-2026-07-21-dataset-expansion,pending_content_screen,accepted,AI pre-annotation accepted after completed R1 review,R1,,bdb2b210a5e1333da6e00ac8b794b44c8216a74553ac966debdc7e9c0572e292,development_candidate; archive_file=Dk6gd7CTQJw.mp4; final_split=development; reviewed_at=2026-07-23T06:13:41.000Z
vacuum-039,Vacuum,Ultraman -ish Vacuum Cleaner Commercial,Internet Archive,https://archive.org/details/japanese-vacuum-cleaner-commercial,Archive contributor,OWNER-WRITTEN-AUTHORIZATION,,https://archive.org/details/japanese-vacuum-cleaner-commercial,2026-07-22,109.3,854,480,und,"household vacuum operation, maintenance, or troubleshooting",machine_candidate,owner_authorized,owner_authorized,restricted to authorization owner-confirmed-2026-07-21-dataset-expansion,pending_content_screen,accepted,AI pre-annotation accepted after completed R1 review,R1,,2cc8b05753474c6289b5db3f470fa3c098d9dddd99de912b340944f64f4a2491,development_candidate; archive_file=Japanese Vacuum Cleaner Commercial.mp4; final_split=development; reviewed_at=2026-07-23T06:13:41.000Z
vacuum-044,Vacuum,Black & Decker Vacuum Cleaner Power Pro 1991 Commercial,Internet Archive,https://archive.org/details/black-decker-vacuum-cleaner-power-pro-1991-commercial,Archive contributor,OWNER-WRITTEN-AUTHORIZATION,,https://archive.org/details/black-decker-vacuum-cleaner-power-pro-1991-commercial,2026-07-22,30.24,320,240,und,"household vacuum operation, maintenance, or troubleshooting",machine_candidate,owner_authorized,owner_authorized,restricted to authorization owner-confirmed-2026-07-21-dataset-expansion,pending_content_screen,accepted,AI pre-annotation accepted after completed R1 review,R1,,6f0a650c5ca7200b4a995c0572337d60bf43421380e98ef91a665b8ec46dc9be,development_candidate; archive_file=Black & Decker Vacuum Cleaner Power Pro 1991 Commercial.ia.mp4; final_split=development; reviewed_at=2026-07-23T06:13:41.000Z
vacuum-053,Vacuum,Best Vacuum Cleaner For Hardwood Floors,Internet Archive,https://archive.org/details/best-vacuum-cleaner-for-hardwood-floors,Archive contributor,OWNER-WRITTEN-AUTHORIZATION,,https://archive.org/details/best-vacuum-cleaner-for-hardwood-floors,2026-07-22,28.53,1920,1080,und,"household vacuum operation, maintenance, or troubleshooting",machine_candidate,owner_authorized,owner_authorized,restricted to authorization owner-confirmed-2026-07-21-dataset-expansion,pending_content_screen,accepted,AI pre-annotation accepted after completed R1 review,R1,,fd676f1d4b65bc86f0bec3b206568bbcb668d4fd982f1ecccd9aa0bea3dcd188,development_candidate; archive_file=Best vacuum cleaner for hardwood floors.ia.mp4; final_split=development; reviewed_at=2026-07-23T06:13:41.000Z
vacuum-058,Vacuum,Samsung Jet™ Pet Vacuum Cleaner and Clean Station™ | Samsung UK,Internet Archive,https://archive.org/details/youtube-MGZnlbK30v4,Samsung UK,OWNER-WRITTEN-AUTHORIZATION,,https://archive.org/details/youtube-MGZnlbK30v4,2026-07-22,14.98,1280,720,und,"household vacuum operation, maintenance, or troubleshooting",machine_candidate,owner_authorized,owner_authorized,restricted to authorization owner-confirmed-2026-07-21-dataset-expansion,pending_content_screen,accepted,AI pre-annotation accepted after completed R1 review,R1,,6ab5e3c990b153723da99b47144065198673b7aa86c98d25bc45b7dea3b3a5de,development_candidate; archive_file=MGZnlbK30v4.mp4; final_split=development; reviewed_at=2026-07-23T06:13:41.000Z
vacuum-060,Vacuum,Energy efficient Digital Inverter Motor | The new Samsung Jet™ Vacuum Cleaner,Internet Archive,https://archive.org/details/youtube-QpDibOca3Tc,Samsung India,OWNER-WRITTEN-AUTHORIZATION,,https://archive.org/details/youtube-QpDibOca3Tc,2026-07-22,28.47,1280,720,und,"household vacuum operation, maintenance, or troubleshooting",machine_candidate,owner_authorized,owner_authorized,restricted to authorization owner-confirmed-2026-07-21-dataset-expansion,pending_content_screen,accepted,AI pre-annotation accepted after completed R1 review,R1,,5d98905d341e644a363656ef75c763ae0946a00e3099a28fa89041f8382bd305,development_candidate; archive_file=QpDibOca3Tc.mp4; final_split=development; reviewed_at=2026-07-23T06:13:41.000Z
washing-001,Washing Machine,Video of Laundry machines,Wikimedia Commons,https://commons.wikimedia.org/wiki/File:Video_of_Laundry_machines.webm,Joanna Poe,CC-BY-SA-2.0,https://creativecommons.org/licenses/by-sa/2.0/,https://commons.wikimedia.org/wiki/File:Video_of_Laundry_machines.webm,2026-07-16,15.769,1920,1080,en,washing machines running,medium,allowed,allowed,modified media must preserve compatible ShareAlike terms,public laundry scene,accepted,Accepted by completed review gate for balanced six-class v1 freeze,Codex,,821d29e952ea63170d1d645e6c7390aee3d887bb4817e8135ebb2e1946d9468c,Source SHA-1 3ef2bb322e28c8d47c047dc021c571fde8b1df21; license reviewed on Wikimedia; pre_freeze_status=scope_review
washing-002,Washing Machine,The washing machine that is being operated,Wikimedia Commons,https://commons.wikimedia.org/wiki/File:The_washing_machine_that_is_being_operated.webm,Fitrah 9131,CC-BY-SA-3.0,https://creativecommons.org/licenses/by-sa/3.0/,https://commons.wikimedia.org/wiki/File:The_washing_machine_that_is_being_operated.webm,2026-07-16,23.612,1920,1080,en,washing machines running in laundry,medium,allowed,allowed,modified media must preserve compatible ShareAlike terms,customer clothes visible,accepted,Accepted by completed review gate for balanced six-class v1 freeze,Codex,,cf060289b3fbfd4a3ce824797ad7ae80ead4f2bab43ce2d93d60d2c7a7768ffd,Source SHA-1 03cbda6b579a8d8e2205836fca747f9ca451b61c; pre_freeze_status=scope_review
washing-003,Washing Machine,Washing machine 120fps,Wikimedia Commons,https://commons.wikimedia.org/wiki/File:Washing_machine_120fps.webm,Golha,CC-BY-SA-4.0,https://creativecommons.org/licenses/by-sa/4.0/,https://commons.wikimedia.org/wiki/File:Washing_machine_120fps.webm,2026-07-16,27,1920,1080,en,1400 RPM spin cycle,high,allowed,allowed,modified media must preserve compatible ShareAlike terms,none observed,accepted,Accepted by completed review gate for balanced six-class v1 freeze,Codex,,cd015c23369406a214cddc0248be1dcdb188c4a71b38958cfd642ba9bc9a4580,pre_freeze_status=provisional_accept
washing-007,Washing Machine,Wringer washer.webm,Wikimedia Commons,https://commons.wikimedia.org/wiki/File:Wringer_washer.webm,Pierre5018,CC BY 4.0,https://creativecommons.org/licenses/by/4.0/,https://commons.wikimedia.org/wiki/File:Wringer_washer.webm,2026-07-21,7.866,1920,1080,und,washing machine,machine_candidate,allowed,allowed,attribution/license terms apply,pending_content_screen,accepted,AI pre-annotation accepted after completed R1 review,R1,,2ed76f9afda46c6202dd06e9e1e6a7f24148098a41f091f0cb0f69d54b02f14a,development_candidate; variant=480p.vp9.webm; Laveuse-essoreuse à rouleaux au Site historique national de Paspébiac; final_split=source_disjoint_test; reviewed_at=2026-07-22
washing-009,Washing Machine,Aerra's Films of the Ordinary XV -- Washing machine pythagorean cup.webm,Wikimedia Commons,https://commons.wikimedia.org/wiki/File:Aerra%27s_Films_of_the_Ordinary_XV_--_Washing_machine_pythagorean_cup.webm,Aerra Carnicom,CC BY-SA 4.0,https://creativecommons.org/licenses/by-sa/4.0/,https://commons.wikimedia.org/wiki/File:Aerra%27s_Films_of_the_Ordinary_XV_--_Washing_machine_pythagorean_cup.webm,2026-07-21,30.424,1280,720,und,washing machine,machine_candidate,allowed,allowed,share-alike attribution required,pending_content_screen,accepted,AI pre-annotation accepted after completed R1 review,R1,,57acc9451dee2abb86548f4a70169ead87f439d21fdc261624ebb43a8b3f185a,development_candidate; variant=480p.vp9.webm; A pythagorean cup built into a washing machine to prevent overflow; final_split=development; reviewed_at=2026-07-22
washing-011,Washing Machine,Crazy Asko washing machine.webm,Wikimedia Commons,https://commons.wikimedia.org/wiki/File:Crazy_Asko_washing_machine.webm,seethroughwalls,CC BY 3.0,https://creativecommons.org/licenses/by/3.0/,https://commons.wikimedia.org/wiki/File:Crazy_Asko_washing_machine.webm,2026-07-21,102.565,854,480,und,washing machine,machine_candidate,allowed,allowed,attribution/license terms apply,pending_content_screen,accepted,AI pre-annotation accepted after completed R1 review,R1,,78ef45c531c29fee6fe564a91afe7a16043703710ceff3429beb2208e343e06e,development_candidate; variant=wikimedia_derivative; Here's a brand new Asko W6567 on the last spin cycle. It's totally out-of-control and damn noisy. This is the second Asko W6567 in a row that was deliverd to my door with the same flaw. At one point the machine actually hops across the floor! Asko's technicians admitted the machine was flawed even though it was installed and calibrated by professionals.; final_split=source_disjoint_test; reviewed_at=2026-07-22
washing-030,Washing Machine,"Whirlpool Aqua Line AWM1850 Washer, Maintenance Wash on White Cottons 95 (Programme 2) (3/3)",Internet Archive,https://archive.org/details/youtube-jgiEcrlIpmA,0000158,OWNER-WRITTEN-AUTHORIZATION,,https://archive.org/details/youtube-jgiEcrlIpmA,2026-07-22,914.77,640,360,und,"washing machine operation, maintenance, or troubleshooting",machine_candidate,owner_authorized,owner_authorized,restricted to authorization owner-confirmed-2026-07-21-dataset-expansion,pending_content_screen,accepted,AI pre-annotation accepted after completed R1 review,R1,,089baddd5d136eba019319a34560ec438bc92adff7818563f79637ae1664a093,development_candidate; archive_file=jgiEcrlIpmA.mp4; final_split=development; reviewed_at=2026-07-23T06:13:41.000Z
washing-034,Washing Machine,Front Loading Washing Machine In Action,Internet Archive,https://archive.org/details/washingMachine2_201808,na5m,OWNER-WRITTEN-AUTHORIZATION,,https://archive.org/details/washingMachine2_201808,2026-07-22,168.73,533,300,eng,"washing machine operation, maintenance, or troubleshooting",machine_candidate,owner_authorized,owner_authorized,restricted to authorization owner-confirmed-2026-07-21-dataset-expansion,pending_content_screen,accepted,AI pre-annotation accepted after completed R1 review,R1,,0e61120380f5dae9edb58cba787c3bdae77af1d020b022d7ca3fb19376b0008d,development_candidate; archive_file=washingMachine2.ogv; final_split=development; reviewed_at=2026-07-23T06:13:41.000Z
washing-049,Washing Machine,LG Washer - Tub Cleaning and Maintenance,Internet Archive,https://archive.org/details/youtube-c8XiTdH9heQ,LG USA,OWNER-WRITTEN-AUTHORIZATION,,https://archive.org/details/youtube-c8XiTdH9heQ,2026-07-22,112.66,1280,720,und,"washing machine operation, maintenance, or troubleshooting",machine_candidate,owner_authorized,owner_authorized,restricted to authorization owner-confirmed-2026-07-21-dataset-expansion,pending_content_screen,accepted,AI pre-annotation accepted after completed R1 review,R1,,843eb54bd8af76ba5a18de4e47dc8834b50e207ca2d52f44829ed56a7357279a,development_candidate; archive_file=c8XiTdH9heQ.mp4; final_split=development; reviewed_at=2026-07-23T06:13:41.000Z
washing-051,Washing Machine,LG Washer : How to repair Operation Issues | LG,Internet Archive,https://archive.org/details/youtube--5f6NURRjUs,LG Global,OWNER-WRITTEN-AUTHORIZATION,,https://archive.org/details/youtube--5f6NURRjUs,2026-07-22,317.49,1280,720,und,"washing machine operation, maintenance, or troubleshooting",machine_candidate,owner_authorized,owner_authorized,restricted to authorization owner-confirmed-2026-07-21-dataset-expansion,pending_content_screen,accepted,AI pre-annotation accepted after completed R1 review,R1,,3f8cbd588540c848cee9855adae2513ba0bb0fdbd18fd21d94543cb4d28df8fb,development_candidate; archive_file=-5f6NURRjUs.mp4; final_split=development; reviewed_at=2026-07-23T06:13:41.000Z
washing-052,Washing Machine,Inside my new British washing machine (clothes washer).,Internet Archive,https://archive.org/details/bigclive_20170917,Big Clive,OWNER-WRITTEN-AUTHORIZATION,,https://archive.org/details/bigclive_20170917,2026-07-22,454.42,1920,1080,eng,"washing machine operation, maintenance, or troubleshooting",machine_candidate,owner_authorized,owner_authorized,restricted to authorization owner-confirmed-2026-07-21-dataset-expansion,pending_content_screen,accepted,AI pre-annotation accepted after completed R1 review,R1,,df1054917b58c33c2fe953f978dfdc2d004850bd9fc43ee127d88979f35e6173,development_candidate; archive_file=bigclive_20170917.mp4; final_split=development; reviewed_at=2026-07-23T06:13:41.000Z
washing-056,Washing Machine,How to select wash cycles on your Samsung Washing Machine,Internet Archive,https://archive.org/details/youtube-TngLsmls00c,Samsung UK,OWNER-WRITTEN-AUTHORIZATION,,https://archive.org/details/youtube-TngLsmls00c,2026-07-22,75.86,1280,720,und,"washing machine operation, maintenance, or troubleshooting",machine_candidate,owner_authorized,owner_authorized,restricted to authorization owner-confirmed-2026-07-21-dataset-expansion,pending_content_screen,accepted,AI pre-annotation accepted after completed R1 review,R1,,f5b14ac1bf4bc1af74309cf08f644955f7bc1142c11613e9ba31c2eea1872a7d,development_candidate; archive_file=TngLsmls00c.mp4; final_split=development; reviewed_at=2026-07-23T06:13:41.000Z
washing-062,Washing Machine,LG Washer : How to repair Washing Machine Performance Issues | LG,Internet Archive,https://archive.org/details/youtube-S_7pnxpmFcU,LG Malaysia,OWNER-WRITTEN-AUTHORIZATION,,https://archive.org/details/youtube-S_7pnxpmFcU,2026-07-22,140.41,1280,720,und,"washing machine operation, maintenance, or troubleshooting",machine_candidate,owner_authorized,owner_authorized,restricted to authorization owner-confirmed-2026-07-21-dataset-expansion,pending_content_screen,accepted,AI pre-annotation accepted after completed R1 review,R1,,a58af5b6da53efaeba99ea11eaa5c0f8b4a474a637ac7f27f1b55c08b47e32ce,development_candidate; archive_file=S_7pnxpmFcU.mp4; final_split=development; reviewed_at=2026-07-23T06:13:41.000Z
